antecedents,consequents,antecedent support,consequent support,support,confidence,lift,representativity,leverage,conviction,zhangs_metric,jaccard,certainty,kulczynski
frozenset({'Location_Suburban'}),"frozenset({'Category_Books', 'Gender_Male'})",0.349,0.105,0.051,0.14613180515759314,1.3917314776913632,1.0,0.014355,1.0481711409395973,0.4323664949850908,0.12655086848635236,0.04595732419842809,0.3159230454359394
"frozenset({'Category_Books', 'Gender_Male'})",frozenset({'Location_Suburban'}),0.105,0.349,0.051,0.4857142857142857,1.3917314776913632,1.0,0.014355,1.2658333333333336,0.31449227735787055,0.12655086848635236,0.2100065832784727,0.3159230454359394
frozenset({'Category_Books'}),frozenset({'Interest_Technology'}),0.198,0.186,0.051,0.25757575757575757,1.3848159009449332,1.0,0.014171999999999997,1.0964081632653062,0.3464867243655566,0.15315315315315314,0.08793090611272428,0.26588465298142716
frozenset({'Interest_Technology'}),frozenset({'Category_Books'}),0.186,0.198,0.051,0.27419354838709675,1.384815900944933,1.0,0.014171999999999997,1.1049777777777778,0.34137881196704717,0.15315315315315314,0.09500442442281389,0.26588465298142716
frozenset({'Category_Books'}),"frozenset({'Location_Suburban', 'Gender_Male'})",0.198,0.2,0.051,0.25757575757575757,1.2878787878787878,1.0,0.011399999999999993,1.0775510204081633,0.27871497726272537,0.14697406340057634,0.07196969696969695,0.25628787878787873
"frozenset({'Location_Suburban', 'Gender_Male'})",frozenset({'Category_Books'}),0.2,0.198,0.051,0.25499999999999995,1.2878787878787876,1.0,0.011399999999999993,1.076510067114094,0.2794117647058822,0.14697406340057634,0.07107231920199493,0.25628787878787873
"frozenset({'Category_Books', 'Location_Suburban'})",frozenset({'Gender_Male'}),0.078,0.526,0.051,0.6538461538461539,1.2430535244223457,1.0,0.009971999999999995,1.3693333333333333,0.21207094551486527,0.0922242314647378,0.2697176241480039,0.3754021643755484
"frozenset({'Age_Group_Middle', 'Income_Level_High'})",frozenset({'Category_Electronics'}),0.223,0.209,0.057,0.2556053811659193,1.222992254382389,1.0,0.010393000000000006,1.06260843373494,0.2346632346632348,0.152,0.05891957163833035,0.26416632694659603
frozenset({'Category_Electronics'}),"frozenset({'Age_Group_Middle', 'Income_Level_High'})",0.209,0.223,0.057,0.27272727272727276,1.222992254382389,1.0,0.010393000000000006,1.068375,0.2305099030762749,0.152,0.06399906399906403,0.26416632694659603
frozenset({'Income_Level_Medium'}),frozenset({'Category_Health & Beauty'}),0.229,0.186,0.052,0.22707423580786024,1.2208292247734422,1.0,0.009405999999999998,1.053141242937853,0.23461039608899528,0.14325068870523414,0.05045974914970545,0.25332206414048924
frozenset({'Category_Health & Beauty'}),frozenset({'Income_Level_Medium'}),0.186,0.229,0.052,0.27956989247311825,1.220829224773442,1.0,0.009405999999999998,1.0701940298507462,0.22221697221697218,0.14325068870523414,0.06559000320767606,0.25332206414048924
frozenset({'Interest_Travel'}),frozenset({'Category_Electronics'}),0.196,0.209,0.05,0.25510204081632654,1.2205839273508448,1.0,0.009036000000000002,1.061890410958904,0.2247761194029851,0.14084507042253522,0.05828323744162647,0.24716824528854606
frozenset({'Category_Electronics'}),frozenset({'Interest_Travel'}),0.209,0.196,0.05,0.23923444976076558,1.2205839273508448,1.0,0.009036000000000002,1.0568301886792453,0.22847029077117578,0.14084507042253522,0.053774191244733295,0.24716824528854606
frozenset({'Income_Level_High'}),"frozenset({'Category_Electronics', 'Age_Group_Middle'})",0.505,0.093,0.057,0.11287128712871287,1.2136697540721815,1.0,0.010035000000000002,1.0223995535714285,0.3556618819776715,0.10536044362292053,0.021908806095604052,0.36288725646758224
"frozenset({'Category_Electronics', 'Age_Group_Middle'})",frozenset({'Income_Level_High'}),0.093,0.505,0.057,0.6129032258064516,1.2136697540721815,1.0,0.010035000000000002,1.27875,0.19410433470666746,0.10536044362292053,0.21798631476050834,0.36288725646758224
frozenset({'Category_Books'}),frozenset({'Income_Level_Low'}),0.198,0.266,0.063,0.3181818181818182,1.1961722488038278,1.0,0.010331999999999994,1.0765333333333331,0.2044887780548627,0.15710723192019949,0.07109239534307651,0.27751196172248804
frozenset({'Income_Level_Low'}),frozenset({'Category_Books'}),0.266,0.198,0.063,0.23684210526315788,1.1961722488038276,1.0,0.010331999999999994,1.050896551724138,0.22343324250681187,0.15710723192019949,0.048431552697204325,0.27751196172248804
"frozenset({'Income_Level_High', 'Age_Group_Young'})",frozenset({'Gender_Male'}),0.124,0.526,0.078,0.6290322580645161,1.1958788176131485,1.0,0.012775999999999996,1.2777391304347825,0.18698044725441978,0.13636363636363635,0.21736763304750234,0.38866061572427324
frozenset({'Gender_Male'}),"frozenset({'Income_Level_High', 'Age_Group_Young'})",0.526,0.124,0.078,0.1482889733840304,1.1958788176131485,1.0,0.012775999999999996,1.0285178571428573,0.3455588012550037,0.13636363636363635,0.02772713856624476,0.38866061572427324
frozenset({'Age_Group_Senior'}),frozenset({'Interest_Fashion'}),0.319,0.209,0.078,0.2445141065830721,1.1699239549429288,1.0,0.011329000000000006,1.0470082987551868,0.21327986746488958,0.17333333333333334,0.04489773272196221,0.3088599241049332
frozenset({'Interest_Fashion'}),frozenset({'Age_Group_Senior'}),0.209,0.319,0.078,0.37320574162679426,1.1699239549429288,1.0,0.011329000000000006,1.0864809160305344,0.183620214593666,0.17333333333333334,0.07959727111129847,0.3088599241049332
"frozenset({'Age_Group_Senior', 'Location_Suburban'})",frozenset({'Gender_Male'}),0.111,0.526,0.068,0.6126126126126127,1.1646627616209366,1.0,0.009614000000000004,1.2235813953488375,0.1590352676503673,0.11950790861159932,0.18272703082829675,0.3709450895762683
frozenset({'Gender_Male'}),"frozenset({'Age_Group_Senior', 'Location_Suburban'})",0.526,0.111,0.068,0.12927756653992395,1.1646627616209364,1.0,0.009614000000000004,1.0209912663755458,0.29827500620501374,0.11950790861159932,0.020559692395864956,0.3709450895762683
frozenset({'Interest_Sports'}),frozenset({'Location_Rural'}),0.213,0.307,0.076,0.3568075117370892,1.1622394519123427,1.0,0.010609000000000007,1.0774379562043797,0.17737243362535957,0.17117117117117117,0.07187231130893101,0.30218225749720906
frozenset({'Location_Rural'}),frozenset({'Interest_Sports'}),0.307,0.213,0.076,0.247557003257329,1.1622394519123427,1.0,0.010609000000000007,1.045926406926407,0.2014316093263463,0.17117117117117117,0.043909788128753485,0.30218225749720906
frozenset({'Income_Level_High'}),"frozenset({'Interest_Sports', 'Age_Group_Middle'})",0.505,0.087,0.051,0.10099009900990098,1.1608057357459884,1.0,0.007065000000000002,1.0155616740088105,0.27985739750445643,0.09426987060998153,0.015323219068894839,0.34359849778081253
"frozenset({'Interest_Sports', 'Age_Group_Middle'})",frozenset({'Income_Level_High'}),0.087,0.505,0.051,0.5862068965517241,1.1608057357459882,1.0,0.007065000000000002,1.1962499999999998,0.15172991430964503,0.09426987060998153,0.16405433646812947,0.34359849778081253
frozenset({'Gender_Female'}),"frozenset({'Age_Group_Middle', 'Location_Urban'})",0.474,0.146,0.08,0.1687763713080169,1.1560025432055954,1.0,0.010796000000000014,1.0274010152284265,0.25655893536121704,0.14814814814814814,0.02667022401407132,0.35836078839373453
"frozenset({'Age_Group_Middle', 'Location_Urban'})",frozenset({'Gender_Female'}),0.146,0.474,0.08,0.5479452054794521,1.1560025432055954,1.0,0.010796000000000014,1.163575757575758,0.15802107728337256,0.14814814814814814,0.14058023855409155,0.35836078839373453
frozenset({'Income_Level_Medium'}),frozenset({'Age_Group_Senior'}),0.229,0.319,0.084,0.36681222707423583,1.149881589574407,1.0,0.010949,1.0755103448275862,0.16905997158915448,0.1810344827586207,0.07020885032927433,0.3150675555433875
frozenset({'Age_Group_Senior'}),frozenset({'Income_Level_Medium'}),0.319,0.229,0.084,0.26332288401253917,1.1498815895744068,1.0,0.010949,1.0465914893617023,0.1914026991119502,0.1810344827586207,0.04451735928993406,0.3150675555433875
frozenset({'Gender_Male'}),"frozenset({'Location_Suburban', 'Income_Level_High'})",0.526,0.172,0.104,0.1977186311787072,1.1495269254576002,1.0,0.013527999999999998,1.0320568720379146,0.274423888347939,0.1750841750841751,0.031061148766554594,0.4011848969847025
"frozenset({'Location_Suburban', 'Income_Level_High'})",frozenset({'Gender_Male'}),0.172,0.526,0.104,0.6046511627906977,1.1495269254576002,1.0,0.013527999999999998,1.1989411764705884,0.15709773318468967,0.1750841750841751,0.165930723187126,0.4011848969847025
frozenset({'Income_Level_High'}),"frozenset({'Category_Electronics', 'Gender_Male'})",0.505,0.114,0.066,0.1306930693069307,1.1464304325169359,1.0,0.00843,1.0192027334851936,0.2580348943985307,0.11934900542495482,0.018840936012337127,0.3548202188639917
"frozenset({'Category_Electronics', 'Gender_Male'})",frozenset({'Income_Level_High'}),0.114,0.505,0.066,0.5789473684210527,1.1464304325169359,1.0,0.00843,1.1756250000000001,0.14416170736712497,0.11934900542495482,0.14938862307283363,0.3548202188639917
frozenset({'Interest_Sports'}),frozenset({'Age_Group_Young'}),0.213,0.255,0.062,0.29107981220657275,1.1414894596336187,1.0,0.007684999999999997,1.0508940397350992,0.15749887281223093,0.15270935960591134,0.04842927812962785,0.2671085335542668
frozenset({'Age_Group_Young'}),frozenset({'Interest_Sports'}),0.255,0.213,0.062,0.24313725490196078,1.1414894596336187,1.0,0.007684999999999997,1.039818652849741,0.16637800389694732,0.15270935960591134,0.03829384358571891,0.2671085335542668
frozenset({'Category_Electronics'}),"frozenset({'Income_Level_High', 'Gender_Female'})",0.209,0.227,0.054,0.2583732057416268,1.1382079548089286,1.0,0.006557,1.0423032258064517,0.15350938802266237,0.1413612565445026,0.04058629462047452,0.24812933414834643
"frozenset({'Income_Level_High', 'Gender_Female'})",frozenset({'Category_Electronics'}),0.227,0.209,0.054,0.23788546255506607,1.1382079548089286,1.0,0.006557,1.0379017341040462,0.1570839921422069,0.1413612565445026,0.03651765177631615,0.24812933414834643
frozenset({'Age_Group_Middle'}),"frozenset({'Income_Level_High', 'Gender_Female'})",0.426,0.227,0.11,0.25821596244131456,1.1375152530454387,1.0,0.013298000000000004,1.0420822784810126,0.21061133987963263,0.2025782688766114,0.040382875085788555,0.37139873011933566
"frozenset({'Income_Level_High', 'Gender_Female'})",frozenset({'Interest_Sports'}),0.227,0.213,0.055,0.2422907488986784,1.1375152530454387,1.0,0.006649000000000002,1.038656976744186,0.15639186169587208,0.14285714285714285,0.03721823239984551,0.2502533556699965
frozenset({'Interest_Sports'}),"frozenset({'Income_Level_High', 'Gender_Female'})",0.213,0.227,0.055,0.25821596244131456,1.1375152530454387,1.0,0.006649000000000002,1.0420822784810126,0.1536097955411806,0.14285714285714285,0.040382875085788555,0.2502533556699965
"frozenset({'Income_Level_High', 'Gender_Female'})",frozenset({'Age_Group_Middle'}),0.227,0.426,0.11,0.4845814977973568,1.1375152530454387,1.0,0.013298000000000004,1.1136581196581197,0.15639186169587208,0.2025782688766114,0.10205835853198053,0.37139873011933566
frozenset({'Income_Level_High'}),frozenset({'Category_Electronics'}),0.505,0.209,0.12,0.2376237623762376,1.136955800843242,1.0,0.014454999999999996,1.0375454545454545,0.2433501683501683,0.20202020202020202,0.036186804521160076,0.40589322090103747
frozenset({'Category_Electronics'}),frozenset({'Income_Level_High'}),0.209,0.505,0.12,0.5741626794258373,1.136955800843242,1.0,0.014454999999999996,1.1624157303370786,0.15228613569321528,0.20202020202020202,0.13972258469866125,0.40589322090103747
"frozenset({'Income_Level_High', 'Gender_Male'})",frozenset({'Category_Electronics'}),0.278,0.209,0.066,0.23741007194244604,1.135933358576297,1.0,0.007898000000000002,1.0372547169811321,0.16574330563250236,0.15676959619952496,0.035916652266050626,0.2765997728133283
frozenset({'Category_Electronics'}),"frozenset({'Income_Level_High', 'Gender_Male'})",0.209,0.278,0.066,0.31578947368421056,1.135933358576297,1.0,0.007898000000000002,1.0552307692307694,0.15128529287821327,0.15676959619952496,0.05233999125236917,0.2765997728133283
"frozenset({'Location_Rural', 'Age_Group_Middle'})",frozenset({'Gender_Female'}),0.132,0.474,0.071,0.5378787878787878,1.1347653752717044,1.0,0.008431999999999995,1.1382295081967213,0.13682092555331984,0.13271028037383176,0.12144256250720127,0.34383390870732644
frozenset({'Gender_Female'}),"frozenset({'Location_Rural', 'Age_Group_Middle'})",0.474,0.132,0.071,0.14978902953586498,1.1347653752717044,1.0,0.008431999999999995,1.020923076923077,0.22578053874578258,0.13271028037383176,0.020494273658830615,0.34383390870732644
frozenset({'Interest_Technology'}),frozenset({'Income_Level_Low'}),0.186,0.266,0.056,0.3010752688172043,1.1318619128466327,1.0,0.006524000000000002,1.0501846153846153,0.14312039312039315,0.1414141414141414,0.04778646977820749,0.25580079230333896
frozenset({'Income_Level_Low'}),frozenset({'Interest_Technology'}),0.266,0.186,0.056,0.21052631578947367,1.1318619128466327,1.0,0.006524000000000002,1.0310666666666668,0.15871934604904636,0.1414141414141414,0.030130609077977485,0.25580079230333896
frozenset({'Gender_Female'}),"frozenset({'Age_Group_Middle', 'Income_Level_Low'})",0.474,0.114,0.061,0.12869198312236288,1.1288770449330077,1.0,0.006963999999999998,1.016861985472155,0.21704170043009405,0.11574952561669831,0.01658237372727187,0.33188985121030423
"frozenset({'Age_Group_Middle', 'Income_Level_Low'})",frozenset({'Gender_Female'}),0.114,0.474,0.061,0.5350877192982456,1.1288770449330077,1.0,0.006963999999999998,1.1313962264150943,0.12885319912666984,0.11574952561669831,0.11613634847575215,0.33188985121030423
frozenset({'Location_Suburban'}),frozenset({'Category_Books'}),0.349,0.198,0.078,0.22349570200573068,1.1287661717461146,1.0,0.008898000000000003,1.0328339483394835,0.17523336878175594,0.16631130063965888,0.03179015212684622,0.3087175479725623
frozenset({'Category_Books'}),frozenset({'Location_Suburban'}),0.198,0.349,0.078,0.3939393939393939,1.1287661717461144,1.0,0.008898000000000003,1.07415,0.14224055246499143,0.16631130063965888,0.06903132709584323,0.3087175479725623
"frozenset({'Age_Group_Senior', 'Gender_Female'})",frozenset({'Location_Urban'}),0.142,0.344,0.055,0.38732394366197187,1.1259416966917788,1.0,0.006152000000000012,1.070712643678161,0.13036660309387607,0.12761020881670534,0.06604259704568886,0.2736038322961022
frozenset({'Location_Urban'}),"frozenset({'Age_Group_Senior', 'Gender_Female'})",0.344,0.142,0.055,0.15988372093023256,1.1259416966917788,1.0,0.006152000000000012,1.021287197231834,0.17050997782705132,0.12761020881670534,0.020843497587683658,0.2736038322961022
frozenset({'Income_Level_High'}),"frozenset({'Category_Electronics', 'Gender_Female'})",0.505,0.095,0.054,0.10693069306930693,1.1255862428348098,1.0,0.006024999999999996,1.013359201773836,0.22540216984661413,0.09890109890109891,0.013183086264427544,0.3376758728504429
"frozenset({'Category_Electronics', 'Gender_Female'})",frozenset({'Income_Level_High'}),0.095,0.505,0.054,0.5684210526315789,1.1255862428348098,1.0,0.006024999999999996,1.1469512195121951,0.12328626969510938,0.09890109890109891,0.12812333864965442,0.3376758728504429
frozenset({'Location_Suburban'}),"frozenset({'Age_Group_Middle', 'Gender_Male'})",0.349,0.209,0.082,0.23495702005730662,1.124196268216778,1.0,0.009059000000000011,1.0339288389513108,0.16970139747480445,0.17226890756302524,0.03281544887143695,0.31365075883248106
"frozenset({'Age_Group_Middle', 'Gender_Male'})",frozenset({'Location_Suburban'}),0.209,0.349,0.082,0.39234449760765555,1.124196268216778,1.0,0.009059000000000011,1.0713307086614174,0.1396657519040426,0.17226890756302524,0.06658140953556924,0.31365075883248106
frozenset({'Category_Apparel'}),frozenset({'Interest_Sports'}),0.218,0.213,0.052,0.2385321100917431,1.1198690614635827,1.0,0.0055660000000000015,1.0335301204819278,0.13687782805429868,0.13720316622691292,0.03244232540246901,0.24133178274540207
frozenset({'Interest_Sports'}),frozenset({'Category_Apparel'}),0.213,0.218,0.052,0.24413145539906103,1.1198690614635827,1.0,0.0055660000000000015,1.0345714285714285,0.13600821034112015,0.13720316622691292,0.03341618337475835,0.24133178274540207
frozenset({'Location_Rural'}),"frozenset({'Income_Level_High', 'Gender_Female'})",0.307,0.227,0.078,0.254071661237785,1.1192584195497137,1.0,0.008310999999999999,1.036292576419214,0.1537536537536537,0.17105263157894737,0.03502155399454723,0.29884199801977357
"frozenset({'Income_Level_High', 'Gender_Female'})",frozenset({'Location_Rural'}),0.227,0.307,0.078,0.3436123348017621,1.1192584195497137,1.0,0.008310999999999999,1.055778523489933,0.13784124456828206,0.17105263157894737,0.052831651950594694,0.29884199801977357
frozenset({'Age_Group_Middle'}),"frozenset({'Category_Electronics', 'Income_Level_High'})",0.426,0.12,0.057,0.13380281690140847,1.115023474178404,1.0,0.005880000000000003,1.0159349593495937,0.1797175866495508,0.1165644171779141,0.01568501920614599,0.30440140845070424
"frozenset({'Category_Electronics', 'Income_Level_High'})",frozenset({'Age_Group_Middle'}),0.12,0.426,0.057,0.47500000000000003,1.1150234741784038,1.0,0.005880000000000003,1.0933333333333337,0.11722488038277518,0.1165644171779141,0.08536585365853665,0.30440140845070424
frozenset({'Income_Level_Medium'}),frozenset({'Interest_Food'}),0.229,0.196,0.05,0.2183406113537118,1.1139827109883256,1.0,0.0051160000000000025,1.0285810055865923,0.13271076523994818,0.13333333333333333,0.02778683004193009,0.23672132608501917
frozenset({'Interest_Food'}),frozenset({'Income_Level_Medium'}),0.196,0.229,0.05,0.25510204081632654,1.1139827109883254,1.0,0.0051160000000000025,1.0350410958904108,0.12726368159203985,0.13333333333333333,0.03385478705100717,0.23672132608501917
"frozenset({'Interest_Fashion', 'Gender_Male'})",frozenset({'Income_Level_High'}),0.105,0.505,0.059,0.5619047619047619,1.1126826968411128,1.0,0.005975000000000001,1.129891304347826,0.11315216362086926,0.10707803992740472,0.11495911495911496,0.33936822253653937
frozenset({'Income_Level_High'}),"frozenset({'Interest_Fashion', 'Gender_Male'})",0.505,0.105,0.059,0.11683168316831682,1.1126826968411128,1.0,0.005975000000000001,1.0133968609865471,0.2045882554357131,0.10707803992740472,0.013219757729962936,0.33936822253653937
frozenset({'Age_Group_Senior'}),frozenset({'Category_Health & Beauty'}),0.319,0.186,0.066,0.20689655172413793,1.1123470522803114,1.0,0.006666000000000005,1.0263478260869565,0.14831130690161537,0.15034168564920275,0.02567143946454291,0.28086763070077864
frozenset({'Category_Health & Beauty'}),frozenset({'Age_Group_Senior'}),0.186,0.319,0.066,0.3548387096774194,1.1123470522803114,1.0,0.006666000000000005,1.0555500000000002,0.12407862407862416,0.15034168564920275,0.052626592771540914,0.28086763070077864
"frozenset({'Interest_Fashion', 'Income_Level_High'})",frozenset({'Gender_Male'}),0.101,0.526,0.059,0.5841584158415841,1.1105673304973083,1.0,0.00587399999999999,1.1398571428571427,0.11074451839143286,0.1038732394366197,0.12269707983456561,0.34816285811090614
frozenset({'Gender_Male'}),"frozenset({'Interest_Fashion', 'Income_Level_High'})",0.526,0.101,0.059,0.11216730038022812,1.110567330497308,1.0,0.00587399999999999,1.012578158458244,0.21004076378459524,0.1038732394366197,0.012421913659875548,0.34816285811090614
frozenset({'Location_Suburban'}),frozenset({'Interest_Fashion'}),0.349,0.209,0.081,0.23209169054441264,1.1104865576287686,1.0,0.00805900000000001,1.030070895522388,0.152832299785705,0.16981132075471703,0.02919303482226631,0.30982574957842646
frozenset({'Interest_Fashion'}),frozenset({'Location_Suburban'}),0.209,0.349,0.081,0.3875598086124402,1.1104865576287686,1.0,0.00805900000000001,1.0629609375,0.1257823352218634,0.16981132075471703,0.059231656854746906,0.30982574957842646
frozenset({'Gender_Female'}),"frozenset({'Income_Level_Low', 'Location_Urban'})",0.474,0.095,0.05,0.10548523206751056,1.1103708638685323,1.0,0.004970000000000002,1.0117216981132076,0.1889733840304183,0.09633911368015416,0.01158589178730449,0.3159005107705974
"frozenset({'Income_Level_Low', 'Location_Urban'})",frozenset({'Gender_Female'}),0.095,0.474,0.05,0.5263157894736842,1.1103708638685321,1.0,0.004970000000000002,1.1104444444444443,0.10983425414364645,0.09633911368015416,0.09945967580548327,0.3159005107705974
"frozenset({'Gender_Female', 'Income_Level_Low'})",frozenset({'Location_Urban'}),0.131,0.344,0.05,0.3816793893129771,1.109533108467957,1.0,0.004936000000000003,1.0609382716049383,0.11360184119677796,0.11764705882352942,0.057438093464904194,0.2635141132611397
frozenset({'Location_Urban'}),"frozenset({'Gender_Female', 'Income_Level_Low'})",0.344,0.131,0.05,0.14534883720930233,1.1095331084679567,1.0,0.004936000000000003,1.0167891156462585,0.15048780487804886,0.11764705882352942,0.01651189552278749,0.2635141132611397
"frozenset({'Income_Level_High', 'Category_Home & Kitchen'})",frozenset({'Gender_Male'}),0.091,0.526,0.053,0.5824175824175825,1.1072577612501566,1.0,0.005134,1.1351052631578948,0.10656537351848393,0.09397163120567377,0.11902443548013172,0.3415890193456734
frozenset({'Gender_Male'}),"frozenset({'Income_Level_High', 'Category_Home & Kitchen'})",0.526,0.091,0.053,0.10076045627376425,1.1072577612501566,1.0,0.005134,1.0108541226215646,0.20436270997532044,0.09397163120567377,0.010737575658706543,0.3415890193456734
frozenset({'Age_Group_Young'}),frozenset({'Income_Level_Low'}),0.255,0.266,0.075,0.29411764705882354,1.105705440070765,1.0,0.007169999999999996,1.0398333333333334,0.12832214765100664,0.16816143497757846,0.03830742106106747,0.28803626713843433
frozenset({'Income_Level_Low'}),frozenset({'Age_Group_Young'}),0.266,0.255,0.075,0.28195488721804507,1.1057054400707649,1.0,0.007169999999999996,1.0375392670157066,0.13024523160762935,0.16816143497757846,0.03618105666851686,0.28803626713843433
frozenset({'Location_Suburban'}),"frozenset({'Gender_Male', 'Income_Level_Low'})",0.349,0.135,0.052,0.1489971346704871,1.1036824790406452,1.0,0.0048850000000000005,1.0164478114478115,0.14430462011107173,0.12037037037037036,0.01618165857859781,0.2670911599278361
"frozenset({'Gender_Male', 'Income_Level_Low'})",frozenset({'Location_Suburban'}),0.135,0.349,0.052,0.38518518518518513,1.1036824790406452,1.0,0.0048850000000000005,1.0588554216867467,0.108603823921743,0.12037037037037036,0.05558400182056091,0.2670911599278361
frozenset({'Income_Level_High'}),"frozenset({'Age_Group_Young', 'Gender_Male'})",0.505,0.14,0.078,0.15445544554455445,1.1032531824611032,1.0,0.007299999999999987,1.017096018735363,0.18907018907018874,0.13756613756613756,0.016808657609947025,0.35579915134370577
"frozenset({'Age_Group_Young', 'Gender_Male'})",frozenset({'Income_Level_High'}),0.14,0.505,0.078,0.557142857142857,1.1032531824611032,1.0,0.007299999999999987,1.1177419354838707,0.1088252832438877,0.13756613756613756,0.10533910533910515,0.35579915134370577
"frozenset({'Age_Group_Senior', 'Gender_Male'})",frozenset({'Location_Suburban'}),0.177,0.349,0.068,0.38418079096045205,1.1008045586259372,1.0,0.00622700000000001,1.0571284403669725,0.11126795797298282,0.14847161572052403,0.05404115354908152,0.28951159891862144
frozenset({'Location_Suburban'}),"frozenset({'Age_Group_Senior', 'Gender_Male'})",0.349,0.177,0.068,0.19484240687679086,1.1008045586259372,1.0,0.00622700000000001,1.0221601423487545,0.1406659437968738,0.14847161572052403,0.02167971673972159,0.28951159891862144
"frozenset({'Income_Level_High', 'Gender_Male'})",frozenset({'Age_Group_Young'}),0.278,0.255,0.078,0.2805755395683453,1.1002962336013542,1.0,0.007109999999999991,1.03555,0.12625186447901116,0.17142857142857143,0.03432958331321516,0.29322894625476087
frozenset({'Age_Group_Young'}),"frozenset({'Income_Level_High', 'Gender_Male'})",0.255,0.278,0.078,0.30588235294117644,1.100296233601354,1.0,0.007109999999999991,1.0401694915254238,0.12235415591120274,0.17142857142857143,0.03861821737005044,0.29322894625476087
"frozenset({'Location_Suburban', 'Income_Level_Low'})",frozenset({'Gender_Male'}),0.09,0.526,0.052,0.5777777777777777,1.0984368398817066,1.0,0.0046599999999999975,1.1226315789473682,0.09847844463229073,0.0921985815602837,0.10923581809657744,0.33831854668356565
frozenset({'Interest_Travel'}),frozenset({'Gender_Male'}),0.196,0.526,0.113,0.576530612244898,1.0960658027469543,1.0,0.009903999999999996,1.1193253012048192,0.10901245982476991,0.18555008210180626,0.10660466718332905,0.3956797547916505
frozenset({'Gender_Male'}),frozenset({'Interest_Travel'}),0.526,0.196,0.113,0.21482889733840305,1.0960658027469543,1.0,0.009903999999999996,1.0239806295399516,0.1849072103356857,0.18555008210180626,0.023419026540302285,0.3956797547916505
frozenset({'Category_Health & Beauty'}),frozenset({'Location_Urban'}),0.186,0.344,0.07,0.37634408602150543,1.0940235058764693,1.0,0.0060160000000000075,1.0518620689655174,0.10558090558090569,0.15217391304347827,0.04930500917912417,0.28991622905726433
frozenset({'Location_Urban'}),frozenset({'Category_Health & Beauty'}),0.344,0.186,0.07,0.20348837209302328,1.0940235058764693,1.0,0.0060160000000000075,1.0219562043795622,0.1310104529616726,0.15217391304347827,0.021484486600765705,0.28991622905726433
frozenset({'Category_Home & Kitchen'}),frozenset({'Income_Level_Low'}),0.189,0.266,0.055,0.291005291005291,1.0940048534033495,1.0,0.004725999999999994,1.0352686567164178,0.10595224750588486,0.13749999999999998,0.034067153958162094,0.24888610414926204
frozenset({'Income_Level_Low'}),frozenset({'Category_Home & Kitchen'}),0.266,0.189,0.055,0.20676691729323307,1.0940048534033495,1.0,0.004725999999999994,1.0223981042654027,0.11706712905622974,0.13749999999999998,0.02190741959708147,0.24888610414926204
frozenset({'Age_Group_Senior'}),"frozenset({'Gender_Male', 'Location_Urban'})",0.319,0.172,0.06,0.18808777429467083,1.0935335714806445,1.0,0.005132000000000005,1.019814671814672,0.1255996084189918,0.13921113689095127,0.01942967909984401,0.26846249179849824
"frozenset({'Gender_Male', 'Location_Urban'})",frozenset({'Age_Group_Senior'}),0.172,0.319,0.06,0.3488372093023256,1.0935335714806445,1.0,0.005132000000000005,1.0458214285714287,0.10330112721417078,0.13921113689095127,0.043813816890345934,0.26846249179849824
frozenset({'Age_Group_Middle'}),"frozenset({'Gender_Female', 'Income_Level_Low'})",0.426,0.131,0.061,0.1431924882629108,1.0930724294878686,1.0,0.005193999999999997,1.0142301369863014,0.1483406637345061,0.12298387096774195,0.014030481315202308,0.3044206716123714
"frozenset({'Gender_Female', 'Income_Level_Low'})",frozenset({'Age_Group_Middle'}),0.131,0.426,0.061,0.46564885496183206,1.0930724294878686,1.0,0.005193999999999997,1.0742,0.0979833613160029,0.12298387096774195,0.06907466021225099,0.3044206716123714
"frozenset({'Gender_Female', 'Location_Urban'})",frozenset({'Income_Level_Low'}),0.172,0.266,0.05,0.29069767441860467,1.0928484000699423,1.0,0.004248000000000002,1.0348196721311476,0.10260869565217394,0.1288659793814433,0.03364805779101451,0.23933379961531737
frozenset({'Income_Level_Low'}),"frozenset({'Gender_Female', 'Location_Urban'})",0.266,0.172,0.05,0.18796992481203006,1.0928484000699423,1.0,0.004248000000000002,1.0196666666666667,0.11574931880108996,0.1288659793814433,0.01928734880679961,0.23933379961531737
"frozenset({'Gender_Female', 'Location_Urban'})",frozenset({'Age_Group_Middle'}),0.172,0.426,0.08,0.4651162790697675,1.0918222513374825,1.0,0.006728000000000012,1.073130434782609,0.10157004830917891,0.15444015444015444,0.06814682764767857,0.32645485314990724
frozenset({'Age_Group_Middle'}),"frozenset({'Gender_Female', 'Location_Urban'})",0.426,0.172,0.08,0.18779342723004697,1.0918222513374825,1.0,0.006728000000000012,1.0194450867052025,0.14651567944250893,0.15444015444015444,0.019074187475902147,0.32645485314990724
frozenset({'Category_Electronics'}),frozenset({'Location_Rural'}),0.209,0.307,0.07,0.3349282296650718,1.0909714321337844,1.0,0.005837000000000009,1.0419928057553958,0.10541809644211682,0.15695067264573992,0.040300475707174314,0.2814706294905164
frozenset({'Location_Rural'}),frozenset({'Category_Electronics'}),0.307,0.209,0.07,0.22801302931596093,1.0909714321337844,1.0,0.005837000000000009,1.0246286919831225,0.1203257060399919,0.15695067264573992,0.024036699514489175,0.2814706294905164
frozenset({'Location_Suburban'}),frozenset({'Gender_Male'}),0.349,0.526,0.2,0.5730659025787966,1.0894789022410583,1.0,0.016426000000000024,1.1102416107382551,0.12615975422427053,0.2962962962962963,0.09929515311982409,0.476647019730463
frozenset({'Gender_Male'}),frozenset({'Location_Suburban'}),0.526,0.349,0.2,0.3802281368821293,1.0894789022410583,1.0,0.016426000000000024,1.0503865030674848,0.1732700421940931,0.2962962962962963,0.04796948829820174,0.476647019730463
"frozenset({'Location_Rural', 'Gender_Female'})",frozenset({'Age_Group_Middle'}),0.153,0.426,0.071,0.4640522875816993,1.0893246187363834,1.0,0.005821999999999994,1.071,0.09681227863046035,0.13976377952755903,0.06629318394024271,0.315359477124183
frozenset({'Age_Group_Middle'}),"frozenset({'Location_Rural', 'Gender_Female'})",0.426,0.153,0.071,0.16666666666666666,1.0893246187363834,1.0,0.005821999999999994,1.0164,0.1428571428571427,0.13976377952755903,0.0161353797717434,0.315359477124183
frozenset({'Income_Level_Medium'}),frozenset({'Location_Suburban'}),0.229,0.349,0.087,0.37991266375545846,1.0885749677806833,1.0,0.007079000000000002,1.0498521126760563,0.10553542943184702,0.17718940936863542,0.04748489056138015,0.3145981656886175
frozenset({'Location_Suburban'}),frozenset({'Income_Level_Medium'}),0.349,0.229,0.087,0.2492836676217765,1.0885749677806833,1.0,0.007079000000000002,1.0270190839694655,0.12498896481098931,0.17718940936863542,0.02630825891280998,0.3145981656886175
"frozenset({'Interest_Sports', 'Income_Level_High'})",frozenset({'Age_Group_Middle'}),0.11,0.426,0.051,0.4636363636363636,1.088348271446863,1.0,0.004139999999999998,1.0701694915254238,0.09120951751487107,0.10515463917525772,0.0655685777636997,0.29167733674775925
frozenset({'Age_Group_Middle'}),"frozenset({'Interest_Sports', 'Income_Level_High'})",0.426,0.11,0.051,0.11971830985915492,1.0883482714468629,1.0,0.004139999999999998,1.01104,0.14142242262758753,0.10515463917525772,0.010919449279949351,0.29167733674775925
frozenset({'Interest_Fashion'}),frozenset({'Income_Level_Medium'}),0.209,0.229,0.052,0.24880382775119617,1.0864795971667955,1.0,0.004138999999999997,1.0263630573248408,0.10062724885733727,0.13471502590673573,0.025685898509982045,0.2379390317795282
frozenset({'Income_Level_Medium'}),frozenset({'Interest_Fashion'}),0.229,0.209,0.052,0.22707423580786024,1.0864795971667955,1.0,0.004138999999999997,1.0233841807909605,0.10323755362665862,0.13471502590673573,0.022849855635727237,0.2379390317795282
frozenset({'Category_Home & Kitchen'}),frozenset({'Location_Rural'}),0.189,0.307,0.063,0.3333333333333333,1.0857763300760044,1.0,0.004977000000000002,1.0394999999999999,0.09741060419235516,0.14549653579676675,0.03799903799903798,0.2692725298588491
frozenset({'Location_Rural'}),frozenset({'Category_Home & Kitchen'}),0.307,0.189,0.063,0.20521172638436483,1.0857763300760044,1.0,0.004977000000000002,1.0203975409836064,0.11399711399711404,0.14549653579676675,0.01998979825445725,0.2692725298588491
"frozenset({'Gender_Male', 'Category_Home & Kitchen'})",frozenset({'Income_Level_High'}),0.097,0.505,0.053,0.5463917525773195,1.0819638664897417,1.0,0.004014999999999998,1.0912499999999998,0.08389226686725586,0.09653916211293262,0.08361970217640309,0.32567112381341223
frozenset({'Income_Level_High'}),"frozenset({'Gender_Male', 'Category_Home & Kitchen'})",0.505,0.097,0.053,0.10495049504950495,1.0819638664897417,1.0,0.004014999999999998,1.0088827433628318,0.15303983228511522,0.09653916211293262,0.008804534938543681,0.32567112381341223
frozenset({'Age_Group_Young'}),frozenset({'Interest_Travel'}),0.255,0.196,0.054,0.21176470588235294,1.0804321728691475,1.0,0.004019999999999996,1.02,0.09992542878448908,0.13602015113350124,0.019607843137254888,0.2436374549819928
frozenset({'Interest_Travel'}),frozenset({'Age_Group_Young'}),0.196,0.255,0.054,0.2755102040816326,1.0804321728691475,1.0,0.004019999999999996,1.0283098591549296,0.09259259259259249,0.13602015113350124,0.027530475277359225,0.2436374549819928
"frozenset({'Location_Rural', 'Age_Group_Middle'})",frozenset({'Income_Level_High'}),0.132,0.505,0.072,0.5454545454545454,1.08010801080108,1.0,0.0053399999999999975,1.089,0.0854454685099846,0.12743362831858404,0.0817263544536271,0.344014401440144
"frozenset({'Interest_Food', 'Gender_Male'})",frozenset({'Income_Level_High'}),0.099,0.505,0.054,0.5454545454545454,1.08010801080108,1.0,0.004004999999999995,1.089,0.08231594524602283,0.09818181818181819,0.0817263544536271,0.32619261926192616
frozenset({'Income_Level_High'}),"frozenset({'Interest_Food', 'Gender_Male'})",0.505,0.099,0.054,0.10693069306930693,1.08010801080108,1.0,0.004004999999999995,1.008880266075388,0.14983164983164962,0.09818181818181819,0.008802101075812346,0.32619261926192616
frozenset({'Income_Level_High'}),"frozenset({'Location_Rural', 'Age_Group_Middle'})",0.505,0.132,0.072,0.14257425742574256,1.0801080108010799,1.0,0.0053399999999999975,1.0123325635103926,0.14983164983164976,0.12743362831858404,0.01218232422320571,0.344014401440144
frozenset({'Location_Suburban'}),frozenset({'Interest_Technology'}),0.349,0.186,0.07,0.20057306590257884,1.0783498166805314,1.0,0.005086000000000007,1.0182293906810038,0.11160851437349148,0.15053763440860218,0.01790302936434747,0.28845857596204216
frozenset({'Interest_Technology'}),frozenset({'Location_Suburban'}),0.186,0.349,0.07,0.37634408602150543,1.0783498166805314,1.0,0.005086000000000007,1.0438448275862071,0.08925938925938937,0.15053763440860218,0.042003204334109756,0.28845857596204216
frozenset({'Age_Group_Senior'}),"frozenset({'Location_Suburban', 'Income_Level_High'})",0.319,0.172,0.059,0.18495297805642633,1.075308011955967,1.0,0.004132000000000004,1.0158923076923077,0.10283979193110838,0.13657407407407407,0.01564369330486273,0.2639881169351899
"frozenset({'Location_Suburban', 'Income_Level_High'})",frozenset({'Age_Group_Senior'}),0.172,0.319,0.059,0.3430232558139535,1.075308011955967,1.0,0.004132000000000004,1.036566371681416,0.08458200278391885,0.13657407407407407,0.035276440255438295,0.2639881169351899
frozenset({'Age_Group_Middle'}),frozenset({'Gender_Female'}),0.426,0.474,0.217,0.5093896713615024,1.0746617539272203,1.0,0.015076000000000006,1.072133971291866,0.1210359832367251,0.3177159590043924,0.06728074403327451,0.48359778926724906
frozenset({'Gender_Female'}),frozenset({'Age_Group_Middle'}),0.474,0.426,0.217,0.4578059071729958,1.0746617539272203,1.0,0.015076000000000006,1.058661478599222,0.1320810919731563,0.3177159590043924,0.055410988106264464,0.48359778926724906
frozenset({'Interest_Sports'}),"frozenset({'Age_Group_Middle', 'Income_Level_High'})",0.213,0.223,0.051,0.23943661971830985,1.0737068148803133,1.0,0.003500999999999997,1.0216111111111112,0.08722625009342994,0.13246753246753246,0.021153950731415495,0.2340680856439083
"frozenset({'Age_Group_Middle', 'Income_Level_High'})",frozenset({'Interest_Sports'}),0.223,0.213,0.051,0.22869955156950672,1.0737068148803133,1.0,0.003500999999999997,1.0203546511627908,0.08834885305473535,0.13246753246753246,0.019948604281457085,0.2340680856439083
"frozenset({'Income_Level_High', 'Gender_Male'})",frozenset({'Location_Suburban'}),0.278,0.349,0.104,0.3741007194244604,1.0719218321617776,1.0,0.006977999999999998,1.040103448275862,0.09293096100575324,0.19885277246653918,0.038557172695023664,0.3360474943827173
frozenset({'Location_Suburban'}),"frozenset({'Income_Level_High', 'Gender_Male'})",0.349,0.278,0.104,0.2979942693409742,1.0719218321617776,1.0,0.006977999999999998,1.0284816326530613,0.1030662885501595,0.19885277246653918,0.027692893824063994,0.3360474943827173
"frozenset({'Age_Group_Middle', 'Gender_Female'})",frozenset({'Location_Urban'}),0.217,0.344,0.08,0.3686635944700461,1.0716964955524597,1.0,0.0053520000000000095,1.0390656934306568,0.08544061302682007,0.16632016632016636,0.037596942789704456,0.3006108670024649
frozenset({'Location_Urban'}),"frozenset({'Age_Group_Middle', 'Gender_Female'})",0.344,0.217,0.08,0.23255813953488375,1.0716964955524597,1.0,0.0053520000000000095,1.0202727272727272,0.10198170731707334,0.16632016632016636,0.019869910006237224,0.3006108670024649
frozenset({'Category_Apparel'}),"frozenset({'Income_Level_High', 'Gender_Female'})",0.218,0.227,0.053,0.24311926605504586,1.0710099826213473,1.0,0.0035139999999999963,1.0212969696969698,0.08478502147372476,0.13520408163265304,0.02085286682412141,0.2382997211332498
"frozenset({'Income_Level_High', 'Gender_Female'})",frozenset({'Category_Apparel'}),0.227,0.218,0.053,0.23348017621145373,1.0710099826213473,1.0,0.0035139999999999963,1.0201954022988506,0.08577216920110318,0.13520408163265304,0.019795621753777144,0.2382997211332498
"frozenset({'Gender_Male', 'Location_Urban'})",frozenset({'Income_Level_High'}),0.172,0.505,0.093,0.5406976744186047,1.0706884641952568,1.0,0.0061400000000000066,1.077721518987342,0.07973611760428038,0.15924657534246572,0.07211651397697923,0.3624280451300944
frozenset({'Income_Level_High'}),"frozenset({'Gender_Male', 'Location_Urban'})",0.505,0.172,0.093,0.18415841584158416,1.0706884641952568,1.0,0.0061400000000000066,1.0149029126213593,0.133376778538069,0.15924657534246572,0.014684077103362522,0.3624280451300944
"frozenset({'Age_Group_Middle', 'Gender_Male'})",frozenset({'Income_Level_High'}),0.209,0.505,0.113,0.5406698564593302,1.0706333791273865,1.0,0.007455000000000003,1.0776562500000002,0.0834051217793093,0.18801996672212978,0.07206031607945491,0.38221611634847696
frozenset({'Income_Level_High'}),"frozenset({'Age_Group_Middle', 'Gender_Male'})",0.505,0.209,0.113,0.22376237623762377,1.0706333791273865,1.0,0.007455000000000003,1.0190178571428572,0.13327969965138112,0.18801996672212978,0.018662928239726644,0.38221611634847696
frozenset({'Location_Suburban'}),"frozenset({'Age_Group_Senior', 'Income_Level_High'})",0.349,0.158,0.059,0.16905444126074498,1.0699648181059809,1.0,0.0038580000000000003,1.013303448275862,0.10044520815433884,0.13169642857142858,0.013128790095896651,0.27123608138986616
"frozenset({'Age_Group_Senior', 'Income_Level_High'})",frozenset({'Location_Suburban'}),0.158,0.349,0.059,0.37341772151898733,1.0699648181059809,1.0,0.0038580000000000003,1.038969696969697,0.07766013124521923,0.13169642857142858,0.037508020766493635,0.27123608138986616
"frozenset({'Interest_Food', 'Income_Level_High'})",frozenset({'Gender_Male'}),0.096,0.526,0.054,0.5625,1.0693916349809884,1.0,0.0035039999999999932,1.0834285714285714,0.07177974434611589,0.09507042253521128,0.07700421940928266,0.33258079847908745
frozenset({'Gender_Male'}),"frozenset({'Interest_Food', 'Income_Level_High'})",0.526,0.096,0.054,0.1026615969581749,1.0693916349809884,1.0,0.0035039999999999932,1.0074237288135592,0.13689639006094678,0.09507042253521128,0.007369023183821783,0.33258079847908745
frozenset({'Gender_Female'}),frozenset({'Income_Level_Medium'}),0.474,0.229,0.116,0.2447257383966245,1.0686713467101507,1.0,0.007454000000000002,1.0208212290502794,0.12216467811721518,0.19761499148211245,0.0203965478555441,0.3756379783686179
frozenset({'Income_Level_Medium'}),frozenset({'Gender_Female'}),0.229,0.474,0.116,0.5065502183406113,1.0686713467101505,1.0,0.007454000000000002,1.0659646017699114,0.08334451451317146,0.19761499148211245,0.061882544373785806,0.3756379783686179
frozenset({'Category_Apparel'}),frozenset({'Location_Urban'}),0.218,0.344,0.08,0.3669724770642202,1.0667804565820356,1.0,0.0050080000000000124,1.0362898550724637,0.08005115089514085,0.16597510373443985,0.03501901991496986,0.29976530829955195
frozenset({'Location_Urban'}),frozenset({'Category_Apparel'}),0.344,0.218,0.08,0.23255813953488375,1.0667804565820356,1.0,0.0050080000000000124,1.0189696969696969,0.0954268292682929,0.16597510373443985,0.018616546719800186,0.29976530829955195
frozenset({'Interest_Food'}),frozenset({'Age_Group_Middle'}),0.196,0.426,0.089,0.4540816326530612,1.0659193254766695,1.0,0.005503999999999995,1.0514392523364486,0.07691877690200676,0.1669793621013133,0.04892270497048986,0.3315009102232442
frozenset({'Age_Group_Middle'}),frozenset({'Interest_Food'}),0.426,0.196,0.089,0.20892018779342722,1.0659193254766695,1.0,0.005503999999999995,1.01633234421365,0.10773988959793279,0.1669793621013133,0.016069885315207973,0.3315009102232442
"frozenset({'Location_Suburban', 'Gender_Male'})",frozenset({'Age_Group_Senior'}),0.2,0.319,0.068,0.34,1.0658307210031348,1.0,0.004199999999999995,1.031818181818182,0.07720588235294108,0.15077605321507762,0.030837004405286368,0.2765830721003135
frozenset({'Age_Group_Senior'}),"frozenset({'Location_Suburban', 'Gender_Male'})",0.319,0.2,0.068,0.21316614420062696,1.0658307210031348,1.0,0.004199999999999995,1.0167330677290838,0.09069707178025384,0.15077605321507762,0.016457680250783688,0.2765830721003135
"frozenset({'Age_Group_Middle', 'Gender_Female'})",frozenset({'Location_Rural'}),0.217,0.307,0.071,0.32718894009216587,1.0657620198441886,1.0,0.004380999999999996,1.0300068493150687,0.0788048855071681,0.15673289183222955,0.02913266968566504,0.27922964919917737
frozenset({'Location_Rural'}),"frozenset({'Age_Group_Middle', 'Gender_Female'})",0.307,0.217,0.071,0.23127035830618892,1.0657620198441886,1.0,0.004380999999999996,1.018563559322034,0.08903928622238474,0.15673289183222955,0.018225234107520968,0.27922964919917737
"frozenset({'Income_Level_High', 'Category_Health & Beauty'})",frozenset({'Gender_Male'}),0.093,0.526,0.052,0.5591397849462365,1.0630033934339096,1.0,0.0030819999999999945,1.075170731707317,0.065346450682724,0.09171075837742505,0.06991515811442296,0.32899955026779504
frozenset({'Age_Group_Middle'}),"frozenset({'Location_Rural', 'Income_Level_High'})",0.426,0.159,0.072,0.16901408450704225,1.0629816635663034,1.0,0.004265999999999992,1.012050847457627,0.10322299651567925,0.14035087719298245,0.011907353753914683,0.3109221365931437
"frozenset({'Location_Rural', 'Income_Level_High'})",frozenset({'Age_Group_Middle'}),0.159,0.426,0.072,0.45283018867924524,1.0629816635663034,1.0,0.004265999999999992,1.0490344827586207,0.07045184304399511,0.14035087719298245,0.046742488988232134,0.3109221365931437
"frozenset({'Interest_Technology', 'Gender_Male'})",frozenset({'Income_Level_High'}),0.101,0.505,0.054,0.5346534653465346,1.0587197333594744,1.0,0.0029949999999999977,1.063723404255319,0.061694063362583894,0.09782608695652174,0.05990599059905974,0.32079207920792074
frozenset({'Income_Level_High'}),"frozenset({'Interest_Technology', 'Gender_Male'})",0.505,0.101,0.054,0.10693069306930693,1.0587197333594744,1.0,0.0029949999999999977,1.006640798226164,0.11204638982416751,0.09782608695652174,0.006596988953622827,0.32079207920792074
"frozenset({'Income_Level_High', 'Interest_Technology'})",frozenset({'Gender_Male'}),0.097,0.526,0.054,0.5567010309278351,1.0583669789502568,1.0,0.0029779999999999945,1.0692558139534885,0.061072146343464064,0.09490333919156416,0.06477010744268998,0.329681313943005
frozenset({'Gender_Male'}),"frozenset({'Income_Level_High', 'Interest_Technology'})",0.526,0.097,0.054,0.1026615969581749,1.0583669789502566,1.0,0.0029779999999999945,1.0063093220338983,0.116346304110017,0.09490333919156416,0.006269764073283379,0.329681313943005
"frozenset({'Age_Group_Middle', 'Location_Urban'})",frozenset({'Income_Level_High'}),0.146,0.505,0.078,0.5342465753424658,1.0579140105791403,1.0,0.00427000000000001,1.0627941176470588,0.06410256410256425,0.13612565445026176,0.05908399059083995,0.34435101044351013
frozenset({'Income_Level_High'}),"frozenset({'Age_Group_Middle', 'Location_Urban'})",0.505,0.146,0.078,0.15445544554455445,1.0579140105791403,1.0,0.00427000000000001,1.01,0.11059311059311086,0.13612565445026176,0.00990099009900991,0.34435101044351013
"frozenset({'Age_Group_Middle', 'Gender_Female'})",frozenset({'Income_Level_Low'}),0.217,0.266,0.061,0.28110599078341014,1.0567894390353765,1.0,0.003277999999999996,1.0210128205128206,0.06863052990808777,0.14454976303317535,0.020580368914727695,0.2552146495270434
frozenset({'Income_Level_Low'}),"frozenset({'Age_Group_Middle', 'Gender_Female'})",0.266,0.217,0.061,0.22932330827067668,1.0567894390353765,1.0,0.003277999999999996,1.015990243902439,0.07321213204091652,0.14454976303317535,0.01573858016689231,0.2552146495270434
"frozenset({'Location_Suburban', 'Age_Group_Young'})",frozenset({'Gender_Male'}),0.09,0.526,0.05,0.5555555555555556,1.0561892691170258,1.0,0.0026600000000000026,1.0665,0.05846153846153851,0.088339222614841,0.06235349273323958,0.32530629488804397
frozenset({'Age_Group_Senior'}),frozenset({'Gender_Male'}),0.319,0.526,0.177,0.554858934169279,1.0548648938579448,1.0,0.009205999999999992,1.064830985915493,0.07637488903822055,0.26497005988023953,0.060883827361348064,0.4456804176549817
frozenset({'Gender_Male'}),frozenset({'Age_Group_Senior'}),0.526,0.319,0.177,0.3365019011406844,1.0548648938579448,1.0,0.009205999999999992,1.0263782234957022,0.10972847982073462,0.26497005988023953,0.025700295360770033,0.4456804176549817
frozenset({'Gender_Female'}),frozenset({'Location_Urban'}),0.474,0.344,0.172,0.3628691983122363,1.0548523206751057,1.0,0.008944000000000007,1.029615894039735,0.0988593155893537,0.26625386996904027,0.02876402181743342,0.43143459915611815
frozenset({'Location_Urban'}),frozenset({'Gender_Female'}),0.344,0.474,0.172,0.5,1.0548523206751055,1.0,0.008944000000000007,1.052,0.0792682926829269,0.26625386996904027,0.04942965779467685,0.43143459915611815
frozenset({'Gender_Female'}),"frozenset({'Interest_Sports', 'Income_Level_High'})",0.474,0.11,0.055,0.11603375527426162,1.0548523206751055,1.0,0.0028600000000000014,1.0068257756563246,0.09885931558935365,0.10396975425330815,0.006779500308159118,0.3080168776371308
"frozenset({'Interest_Sports', 'Income_Level_High'})",frozenset({'Gender_Female'}),0.11,0.474,0.055,0.5,1.0548523206751055,1.0,0.0028600000000000014,1.052,0.05842696629213486,0.10396975425330815,0.04942965779467685,0.3080168776371308
"frozenset({'Interest_Travel', 'Income_Level_High'})",frozenset({'Gender_Male'}),0.101,0.526,0.056,0.5544554455445544,1.054097805217784,1.0,0.0028739999999999946,1.0638666666666665,0.05708723979024302,0.0980735551663748,0.06003258553703454,0.3304596619357753
frozenset({'Gender_Male'}),"frozenset({'Interest_Travel', 'Income_Level_High'})",0.526,0.101,0.056,0.10646387832699619,1.054097805217784,1.0,0.0028739999999999946,1.0061148936170212,0.10827305605786598,0.0980735551663748,0.006077728951052487,0.3304596619357753
frozenset({'Gender_Male'}),"frozenset({'Age_Group_Middle', 'Location_Suburban'})",0.526,0.148,0.082,0.155893536121673,1.0533347035248177,1.0,0.004152000000000003,1.0093513513513512,0.10682309354739125,0.1385135135135135,0.009264713757832173,0.35497379508786353
"frozenset({'Age_Group_Middle', 'Location_Suburban'})",frozenset({'Gender_Male'}),0.148,0.526,0.082,0.5540540540540541,1.0533347035248175,1.0,0.004152000000000003,1.0629090909090908,0.059429749227069784,0.1385135135135135,0.059185768046527504,0.35497379508786353
frozenset({'Income_Level_High'}),"frozenset({'Age_Group_Senior', 'Location_Suburban'})",0.505,0.111,0.059,0.11683168316831682,1.0525376862010525,1.0,0.0029449999999999962,1.0066031390134529,0.10083889744906682,0.10592459605026931,0.0065598235864081245,0.3241816073499242
"frozenset({'Age_Group_Senior', 'Location_Suburban'})",frozenset({'Income_Level_High'}),0.111,0.505,0.059,0.5315315315315315,1.0525376862010525,1.0,0.0029449999999999962,1.0566346153846153,0.05614764256162888,0.10592459605026931,0.05359905359905361,0.3241816073499242
"frozenset({'Income_Level_High', 'Location_Urban'})",frozenset({'Age_Group_Middle'}),0.174,0.426,0.078,0.4482758620689655,1.0522907560304355,1.0,0.0038760000000000044,1.040375,0.06016017880424667,0.14942528735632182,0.03880812207136852,0.31568722680913064
frozenset({'Age_Group_Middle'}),"frozenset({'Income_Level_High', 'Location_Urban'})",0.426,0.174,0.078,0.18309859154929578,1.0522907560304355,1.0,0.0038760000000000044,1.0111379310344828,0.08657196462074519,0.14942528735632182,0.01101524400641137,0.31568722680913064
"frozenset({'Age_Group_Middle', 'Income_Level_High'})",frozenset({'Location_Rural'}),0.223,0.307,0.072,0.32286995515695066,1.051693665006354,1.0,0.0035390000000000005,1.0234370860927153,0.06325968825968827,0.15720524017467247,0.022900368191848,0.27869882122668377
frozenset({'Location_Rural'}),"frozenset({'Age_Group_Middle', 'Income_Level_High'})",0.307,0.223,0.072,0.23452768729641693,1.051693665006354,1.0,0.0035390000000000005,1.015059574468085,0.0709275292608626,0.15720524017467247,0.014836148386636971,0.27869882122668377
frozenset({'Gender_Female'}),frozenset({'Location_Rural'}),0.474,0.307,0.153,0.3227848101265823,1.0514163196305613,1.0,0.007482000000000016,1.0233084112149533,0.09296950719451298,0.24363057324840767,0.022777503790162024,0.4105780728157341
frozenset({'Location_Rural'}),frozenset({'Gender_Female'}),0.307,0.474,0.153,0.498371335504886,1.0514163196305613,1.0,0.007482000000000016,1.0485844155844157,0.07056559997736483,0.24363057324840767,0.046333337461760486,0.4105780728157341
frozenset({'Category_Electronics'}),frozenset({'Age_Group_Young'}),0.209,0.255,0.056,0.2679425837320574,1.0507552303217937,1.0,0.002704999999999999,1.0176797385620915,0.061066461983023276,0.13725490196078433,0.017372595613499894,0.24377521343465616
frozenset({'Age_Group_Young'}),frozenset({'Category_Electronics'}),0.255,0.209,0.056,0.2196078431372549,1.0507552303217937,1.0,0.002704999999999999,1.0135929648241206,0.06483700862895492,0.13725490196078433,0.013410674004114926,0.24377521343465616
frozenset({'Income_Level_High'}),"frozenset({'Gender_Male', 'Category_Health & Beauty'})",0.505,0.098,0.052,0.10297029702970296,1.050717316629622,1.0,0.0025099999999999983,1.0055408388520972,0.09751359751359745,0.09437386569872959,0.0055103071282737925,0.31679127096383103
"frozenset({'Gender_Male', 'Category_Health & Beauty'})",frozenset({'Income_Level_High'}),0.098,0.505,0.052,0.5306122448979591,1.050717316629622,1.0,0.0025099999999999983,1.0545652173913043,0.05351355961112055,0.09437386569872959,0.05174190888476586,0.31679127096383103
frozenset({'Gender_Female'}),frozenset({'Interest_Fashion'}),0.474,0.209,0.104,0.21940928270042195,1.049805180384794,1.0,0.004934000000000008,1.0133351351351352,0.09019450131617446,0.17962003454231434,0.013159649431633327,0.35850846910140716
frozenset({'Interest_Fashion'}),frozenset({'Gender_Female'}),0.209,0.474,0.104,0.49760765550239233,1.049805180384794,1.0,0.004934000000000008,1.046990476190476,0.059977632986482635,0.17962003454231434,0.04488147433914896,0.35850846910140716
frozenset({'Category_Apparel'}),frozenset({'Age_Group_Senior'}),0.218,0.319,0.073,0.3348623853211009,1.0497253458341722,1.0,0.003457999999999989,1.023848275862069,0.06057527239603386,0.15732758620689655,0.023292783144054186,0.2818512553564752
frozenset({'Age_Group_Senior'}),frozenset({'Category_Apparel'}),0.319,0.218,0.073,0.2288401253918495,1.049725345834172,1.0,0.003457999999999989,1.0140569105691057,0.06955927021101098,0.15732758620689655,0.01386205293075384,0.2818512553564752
frozenset({'Location_Urban'}),frozenset({'Age_Group_Senior'}),0.344,0.319,0.115,0.3343023255813954,1.0479696726689511,1.0,0.005264000000000019,1.022986899563319,0.0697773064687171,0.20985401459854014,0.02247037530307692,0.34740194648975725
frozenset({'Age_Group_Senior'}),frozenset({'Location_Urban'}),0.319,0.344,0.115,0.3605015673981191,1.047969672668951,1.0,0.005264000000000019,1.0258039215686274,0.067215731341378,0.20985401459854014,0.025154828350791376,0.34740194648975725
frozenset({'Age_Group_Young'}),frozenset({'Location_Rural'}),0.255,0.307,0.082,0.3215686274509804,1.0474548125439103,1.0,0.00371500000000001,1.0214739884393065,0.060811916844000814,0.17083333333333334,0.02102255043431518,0.2943348023248388
frozenset({'Location_Rural'}),frozenset({'Age_Group_Young'}),0.307,0.255,0.082,0.2671009771986971,1.04745481254391,1.0,0.00371500000000001,1.0165111111111111,0.06537500439939481,0.17083333333333334,0.016242922414358485,0.2943348023248388
frozenset({'Gender_Male'}),"frozenset({'Age_Group_Senior', 'Income_Level_High'})",0.526,0.158,0.087,0.1653992395437262,1.0468306300235837,1.0,0.0038919999999999927,1.0088656036446468,0.09437897085212651,0.14572864321608037,0.008787695420102382,0.3580160754680656
"frozenset({'Age_Group_Senior', 'Income_Level_High'})",frozenset({'Gender_Male'}),0.158,0.526,0.087,0.550632911392405,1.0468306300235837,1.0,0.0038919999999999927,1.0548169014084505,0.05313020449395246,0.14572864321608037,0.05196816749452527,0.3580160754680656
frozenset({'Income_Level_High'}),frozenset({'Gender_Male'}),0.505,0.526,0.278,0.5504950495049505,1.0465685351805143,1.0,0.012369999999999992,1.0544933920704846,0.0898917229852481,0.36918990703851257,0.05167731963069729,0.5395060798855551
frozenset({'Gender_Male'}),frozenset({'Income_Level_High'}),0.526,0.505,0.278,0.5285171102661598,1.0465685351805143,1.0,0.012369999999999992,1.0498790322580647,0.09387426767446796,0.36918990703851257,0.04750931366900964,0.5395060798855551
frozenset({'Category_Home & Kitchen'}),frozenset({'Location_Urban'}),0.189,0.344,0.068,0.3597883597883598,1.0458963947336042,1.0,0.0029840000000000144,1.0246611570247934,0.05410894320736952,0.14623655913978498,0.024067621628597335,0.27873138919650553
frozenset({'Location_Urban'}),frozenset({'Category_Home & Kitchen'}),0.344,0.189,0.068,0.19767441860465118,1.0458963947336042,1.0,0.0029840000000000144,1.0108115942028986,0.06689383070301323,0.14623655913978498,0.010695953889828828,0.27873138919650553
"frozenset({'Category_Electronics', 'Income_Level_High'})",frozenset({'Gender_Male'}),0.12,0.526,0.066,0.55,1.0456273764258555,1.0,0.0028800000000000076,1.0533333333333335,0.049586776859504265,0.11379310344827585,0.05063291139240511,0.33773764258555133
frozenset({'Gender_Male'}),"frozenset({'Category_Electronics', 'Income_Level_High'})",0.526,0.12,0.066,0.12547528517110265,1.0456273764258555,1.0,0.0028800000000000076,1.0062608695652173,0.09205983889528217,0.11379310344827585,0.006221914967162109,0.33773764258555133
frozenset({'Age_Group_Middle'}),frozenset({'Category_Electronics'}),0.426,0.209,0.093,0.2183098591549296,1.044544780645596,1.0,0.003966000000000011,1.01190990990991,0.07429470608070156,0.17158671586715865,0.01176973344491732,0.33164296785497677
frozenset({'Category_Electronics'}),frozenset({'Age_Group_Middle'}),0.209,0.426,0.093,0.4449760765550239,1.044544780645596,1.0,0.003966000000000011,1.034189655172414,0.05391297255413742,0.17158671586715865,0.033059366820599165,0.33164296785497677
"frozenset({'Income_Level_High', 'Gender_Male'})",frozenset({'Interest_Technology'}),0.278,0.186,0.054,0.19424460431654675,1.0443258296588536,1.0,0.0022919999999999954,1.010232142857143,0.0587873191751307,0.1317073170731707,0.010128506531384213,0.24228359248085402
frozenset({'Interest_Technology'}),"frozenset({'Income_Level_High', 'Gender_Male'})",0.186,0.278,0.054,0.2903225806451613,1.0443258296588536,1.0,0.0022919999999999954,1.0173636363636362,0.05214305214305204,0.1317073170731707,0.017067286212134745,0.24228359248085402
frozenset({'Interest_Food'}),frozenset({'Gender_Female'}),0.196,0.474,0.097,0.49489795918367346,1.0440885214845432,1.0,0.004096000000000002,1.0413737373737375,0.05252090065138229,0.1692844677137871,0.039729960425234766,0.34976965469732196
frozenset({'Gender_Female'}),frozenset({'Interest_Food'}),0.474,0.196,0.097,0.2046413502109705,1.0440885214845432,1.0,0.004096000000000002,1.0108647214854112,0.08027909529222692,0.1692844677137871,0.010747948023595128,0.34976965469732196
frozenset({'Gender_Male'}),frozenset({'Age_Group_Young'}),0.526,0.255,0.14,0.2661596958174905,1.0437635130097667,1.0,0.005870000000000014,1.0152072538860104,0.0884569017480412,0.21840873634945399,0.014979457473141597,0.4075896518303139
frozenset({'Age_Group_Young'}),frozenset({'Gender_Male'}),0.255,0.526,0.14,0.5490196078431373,1.0437635130097667,1.0,0.005870000000000014,1.0510434782608695,0.0562799616490893,0.21840873634945399,0.04856457350872844,0.4075896518303139
frozenset({'Age_Group_Middle'}),frozenset({'Interest_Travel'}),0.426,0.196,0.087,0.20422535211267603,1.0419660822075307,1.0,0.0035039999999999932,1.0103362831858407,0.07016700708878996,0.16261682242990652,0.010230537453577146,0.3240514515665421
frozenset({'Interest_Travel'}),frozenset({'Age_Group_Middle'}),0.196,0.426,0.087,0.4438775510204081,1.0419660822075307,1.0,0.0035039999999999932,1.0321467889908256,0.05009435580717095,0.16261682242990652,0.031145559269003673,0.3240514515665421
frozenset({'Category_Electronics'}),frozenset({'Location_Suburban'}),0.209,0.349,0.076,0.36363636363636365,1.0419380046887212,1.0,0.003059000000000006,1.0230000000000001,0.05088495575221249,0.15767634854771787,0.022482893450635436,0.2907007033081532
frozenset({'Location_Suburban'}),frozenset({'Category_Electronics'}),0.349,0.209,0.076,0.2177650429799427,1.041938004688721,1.0,0.003059000000000006,1.0112051282051282,0.06182795698924744,0.15767634854771787,0.011080964576413034,0.2907007033081532
frozenset({'Income_Level_High'}),"frozenset({'Location_Rural', 'Gender_Male'})",0.505,0.154,0.081,0.1603960396039604,1.0415327247010415,1.0,0.0032299999999999968,1.007617924528302,0.08055867315126566,0.14013840830449825,0.007560330501135227,0.3431850327889932
"frozenset({'Location_Rural', 'Gender_Male'})",frozenset({'Income_Level_High'}),0.154,0.505,0.081,0.525974025974026,1.0415327247010415,1.0,0.0032299999999999968,1.0442465753424657,0.047135393865102244,0.14013840830449825,0.042371769644496925,0.3431850327889932
frozenset({'Gender_Female'}),"frozenset({'Age_Group_Middle', 'Income_Level_High'})",0.474,0.223,0.11,0.23206751054852323,1.0406614822803733,1.0,0.00429800000000001,1.0118076923076924,0.07428275146906343,0.18739352640545145,0.01166989774584714,0.36267052657471005
"frozenset({'Age_Group_Middle', 'Income_Level_High'})",frozenset({'Gender_Female'}),0.223,0.474,0.11,0.49327354260089684,1.040661482280373,1.0,0.00429800000000001,1.0380353982300885,0.0502866502866504,0.18739352640545145,0.03664171597128681,0.36267052657471005
frozenset({'Interest_Sports'}),frozenset({'Gender_Female'}),0.213,0.474,0.105,0.49295774647887325,1.0399952457360195,1.0,0.004038,1.037388888888889,0.04886549282991468,0.18041237113402062,0.03604134311572865,0.35723836691032274
frozenset({'Gender_Female'}),frozenset({'Interest_Sports'}),0.474,0.213,0.105,0.22151898734177217,1.0399952457360195,1.0,0.004038,1.0109430894308944,0.07311243889190656,0.18041237113402062,0.010824634487639354,0.35723836691032274
frozenset({'Age_Group_Middle'}),"frozenset({'Location_Suburban', 'Gender_Female'})",0.426,0.149,0.066,0.15492957746478875,1.039795821911334,1.0,0.0025260000000000005,1.0070166666666667,0.06667722521381057,0.12966601178781928,0.0069677761043346114,0.2989412987995085
"frozenset({'Location_Suburban', 'Gender_Female'})",frozenset({'Age_Group_Middle'}),0.149,0.426,0.066,0.4429530201342282,1.039795821911334,1.0,0.0025260000000000005,1.0304337349397592,0.044973827582523246,0.12966601178781928,0.029534878282627568,0.2989412987995085
frozenset({'Gender_Female'}),frozenset({'Income_Level_Low'}),0.474,0.266,0.131,0.27637130801687765,1.038989879762698,1.0,0.004916000000000004,1.0143323615160351,0.07134356950047896,0.21510673234811167,0.014129847434438193,0.3844262555121982
frozenset({'Income_Level_Low'}),frozenset({'Gender_Female'}),0.266,0.474,0.131,0.4924812030075188,1.038989879762698,1.0,0.004916000000000004,1.0364148148148147,0.05112631819789092,0.21510673234811167,0.035135366934446424,0.3844262555121982
frozenset({'Income_Level_Low'}),frozenset({'Location_Urban'}),0.266,0.344,0.095,0.35714285714285715,1.0382059800664454,1.0,0.003495999999999999,1.0204444444444445,0.05013623978201633,0.18446601941747573,0.020034843205574967,0.31665282392026584
frozenset({'Location_Urban'}),frozenset({'Income_Level_Low'}),0.344,0.266,0.095,0.27616279069767447,1.0382059800664454,1.0,0.003495999999999999,1.0140401606425704,0.056097560975609743,0.18446601941747573,0.013845763893289443,0.31665282392026584
"frozenset({'Income_Level_High', 'Gender_Female'})",frozenset({'Location_Urban'}),0.227,0.344,0.081,0.3568281938325991,1.0372912611412766,1.0,0.002912000000000012,1.019945205479452,0.04650791369204497,0.16530612244897963,0.019555173525303574,0.2961466550558345
frozenset({'Location_Urban'}),"frozenset({'Income_Level_High', 'Gender_Female'})",0.344,0.227,0.081,0.2354651162790698,1.0372912611412766,1.0,0.002912000000000012,1.0110722433460075,0.05480277024992494,0.16530612244897963,0.010950991305394295,0.2961466550558345
"frozenset({'Interest_Sports', 'Gender_Female'})",frozenset({'Income_Level_High'}),0.105,0.505,0.055,0.5238095238095238,1.0372465818010372,1.0,0.0019750000000000045,1.0395,0.04012188928390055,0.09909909909909911,0.037999037999038046,0.31636020744931637
frozenset({'Income_Level_High'}),"frozenset({'Interest_Sports', 'Gender_Female'})",0.505,0.105,0.055,0.10891089108910891,1.0372465818010372,1.0,0.0019750000000000045,1.004388888888889,0.07254361799816363,0.09909909909909911,0.004369710714088172,0.31636020744931637
frozenset({'Location_Urban'}),frozenset({'Interest_Sports'}),0.344,0.213,0.076,0.22093023255813954,1.0372311387706081,1.0,0.002728000000000008,1.0101791044776118,0.05471758664955087,0.158004158004158,0.01007653438137172,0.28886887214761436
frozenset({'Interest_Sports'}),frozenset({'Location_Urban'}),0.213,0.344,0.076,0.3568075117370892,1.0372311387706081,1.0,0.002728000000000008,1.0199124087591243,0.045609576673577346,0.158004158004158,0.01952364594068478,0.28886887214761436
frozenset({'Category_Electronics'}),frozenset({'Gender_Male'}),0.209,0.526,0.114,0.5454545454545455,1.0369858278603528,1.0,0.004066,1.0428000000000002,0.04509060261272651,0.18357487922705315,0.041043344840813296,0.3810922917386796
frozenset({'Gender_Male'}),frozenset({'Category_Electronics'}),0.526,0.209,0.114,0.21673003802281368,1.0369858278603525,1.0,0.004066,1.009868932038835,0.07524613220815753,0.18357487922705315,0.0097724880187278,0.3810922917386796
frozenset({'Income_Level_High'}),frozenset({'Age_Group_Middle'}),0.505,0.426,0.223,0.4415841584158416,1.0365825314925858,1.0,0.007870000000000016,1.0279078014184397,0.07129591882955126,0.31497175141242933,0.027150101769758878,0.48252916840979876
frozenset({'Age_Group_Middle'}),frozenset({'Income_Level_High'}),0.426,0.505,0.223,0.5234741784037559,1.0365825314925858,1.0,0.007870000000000016,1.038768472906404,0.061483414321651345,0.31497175141242933,0.037321572532840144,0.48252916840979876
frozenset({'Gender_Female'}),"frozenset({'Location_Rural', 'Income_Level_High'})",0.474,0.159,0.078,0.16455696202531647,1.0349494467001037,1.0,0.0026339999999999975,1.0066515151515152,0.06420005849663638,0.14054054054054052,0.006607564833907812,0.32756149988058275
"frozenset({'Location_Rural', 'Income_Level_High'})",frozenset({'Gender_Female'}),0.159,0.474,0.078,0.49056603773584906,1.0349494467001035,1.0,0.0026339999999999975,1.0325185185185186,0.04015366322143964,0.14054054054054052,0.03149436831910472,0.32756149988058275
frozenset({'Interest_Technology'}),frozenset({'Income_Level_High'}),0.186,0.505,0.097,0.521505376344086,1.0326839135526455,1.0,0.0030700000000000033,1.034494382022472,0.03888143063400799,0.16329966329966328,0.03334419463451717,0.356792292132439
frozenset({'Income_Level_High'}),frozenset({'Interest_Technology'}),0.505,0.186,0.097,0.19207920792079208,1.0326839135526455,1.0,0.0030700000000000033,1.0075245098039216,0.06393835259814648,0.16329966329966328,0.007468314399007475,0.356792292132439
frozenset({'Interest_Technology'}),frozenset({'Gender_Male'}),0.186,0.526,0.101,0.5430107526881721,1.0323398340079317,1.0,0.003164,1.0372235294117649,0.038484929574038484,0.16530278232405893,0.03588766389909724,0.3675129809068237
frozenset({'Gender_Male'}),frozenset({'Interest_Technology'}),0.526,0.186,0.101,0.1920152091254753,1.0323398340079317,1.0,0.003164,1.007444705882353,0.06609015331912939,0.16530278232405893,0.0073896918003381945,0.3675129809068237
frozenset({'Age_Group_Middle'}),frozenset({'Category_Home & Kitchen'}),0.426,0.189,0.083,0.19483568075117372,1.030876617731078,1.0,0.002486000000000002,1.0072478134110787,0.05218084883086355,0.15601503759398497,0.007195660605639601,0.31699455995230646
frozenset({'Category_Home & Kitchen'}),frozenset({'Age_Group_Middle'}),0.189,0.426,0.083,0.4391534391534392,1.030876617731078,1.0,0.002486000000000002,1.0234528301886794,0.03693194479521047,0.15601503759398497,0.0229153992220195,0.31699455995230646
frozenset({'Location_Rural'}),frozenset({'Interest_Food'}),0.307,0.196,0.062,0.20195439739413681,1.0303795785415144,1.0,0.0018279999999999963,1.007461224489796,0.04254526835171987,0.14058956916099774,0.0074059669081303564,0.25914046400319085
frozenset({'Interest_Food'}),frozenset({'Location_Rural'}),0.196,0.307,0.062,0.31632653061224486,1.0303795785415142,1.0,0.0018279999999999963,1.0136417910447761,0.036671481303161536,0.14058956916099774,0.013458197131666471,0.25914046400319085
frozenset({'Age_Group_Young'}),frozenset({'Category_Books'}),0.255,0.198,0.052,0.20392156862745098,1.0299069122598534,1.0,0.0015099999999999975,1.0074384236453202,0.0389778007227671,0.12967581047381546,0.007383502029240608,0.2332739156268568
frozenset({'Category_Books'}),frozenset({'Age_Group_Young'}),0.198,0.255,0.052,0.2626262626262626,1.0299069122598532,1.0,0.0015099999999999975,1.0103424657534246,0.03620755802800685,0.12967581047381546,0.010236594129211534,0.2332739156268568
"frozenset({'Location_Suburban', 'Gender_Male'})",frozenset({'Income_Level_High'}),0.2,0.505,0.104,0.5199999999999999,1.0297029702970295,1.0,0.002999999999999989,1.0312499999999998,0.03605769230769217,0.17304492512479197,0.030303030303030106,0.3629702970297029
frozenset({'Income_Level_High'}),"frozenset({'Location_Suburban', 'Gender_Male'})",0.505,0.2,0.104,0.20594059405940593,1.0297029702970295,1.0,0.002999999999999989,1.0074812967581048,0.05827505827505806,0.17304492512479197,0.007425742574257398,0.3629702970297029
frozenset({'Age_Group_Senior'}),frozenset({'Interest_Technology'}),0.319,0.186,0.061,0.19122257053291536,1.0280783361984698,1.0,0.0016660000000000008,1.0064573643410852,0.04010495654895166,0.13738738738738737,0.006415934315620836,0.25958977989011356
frozenset({'Interest_Technology'}),frozenset({'Age_Group_Senior'}),0.186,0.319,0.061,0.3279569892473118,1.0280783361984696,1.0,0.0016660000000000008,1.013328,0.03355218109316471,0.13738738738738737,0.01315270080368841,0.25958977989011356
"frozenset({'Income_Level_High', 'Gender_Male'})",frozenset({'Interest_Travel'}),0.278,0.196,0.056,0.2014388489208633,1.027749229188078,1.0,0.0015119999999999925,1.006810810810811,0.03739612188365632,0.13397129186602869,0.006764737463760321,0.2435765673175745
frozenset({'Interest_Travel'}),"frozenset({'Income_Level_High', 'Gender_Male'})",0.196,0.278,0.056,0.2857142857142857,1.0277492291880779,1.0,0.0015119999999999925,1.0108,0.03358208955223864,0.13397129186602869,0.010684606252473233,0.2435765673175745
frozenset({'Gender_Female'}),frozenset({'Category_Home & Kitchen'}),0.474,0.189,0.092,0.19409282700421943,1.0269461746254995,1.0,0.0024139999999999995,1.0063193717277488,0.049884278393122816,0.16112084063047283,0.006279688044660204,0.3404326568883531
frozenset({'Category_Home & Kitchen'}),frozenset({'Gender_Female'}),0.189,0.474,0.092,0.48677248677248675,1.0269461746254995,1.0,0.0024139999999999995,1.0248865979381443,0.032354044925749205,0.16112084063047283,0.024282294244271422,0.3404326568883531
frozenset({'Gender_Female'}),frozenset({'Category_Apparel'}),0.474,0.218,0.106,0.22362869198312238,1.0258196879959742,1.0,0.0026680000000000037,1.0072500000000002,0.047851352320826525,0.18088737201365188,0.007197815835194859,0.35493361204660706
frozenset({'Category_Apparel'}),frozenset({'Gender_Female'}),0.218,0.474,0.106,0.4862385321100917,1.0258196879959742,1.0,0.0026680000000000037,1.0238214285714287,0.0321864594894562,0.18088737201365188,0.023267171311961477,0.35493361204660706
frozenset({'Income_Level_High'}),frozenset({'Location_Rural'}),0.505,0.307,0.159,0.31485148514851485,1.0255748701906022,1.0,0.003964999999999996,1.0114595375722546,0.05037799377422014,0.2434915773353752,0.011329704399011339,0.4163833972973845
frozenset({'Location_Rural'}),frozenset({'Income_Level_High'}),0.307,0.505,0.159,0.5179153094462541,1.0255748701906022,1.0,0.003964999999999996,1.0267905405405406,0.0359842812673001,0.2434915773353752,0.026091534234856717,0.4163833972973845
frozenset({'Income_Level_High'}),"frozenset({'Category_Apparel', 'Gender_Male'})",0.505,0.112,0.058,0.11485148514851486,1.0254596888260255,1.0,0.0014400000000000038,1.003221476510067,0.050156739811912356,0.10375670840787121,0.003211131924003214,0.3163543140028289
"frozenset({'Category_Apparel', 'Gender_Male'})",frozenset({'Income_Level_High'}),0.112,0.505,0.058,0.5178571428571429,1.0254596888260255,1.0,0.0014400000000000038,1.0266666666666668,0.027958993476234928,0.10375670840787121,0.025974025974026062,0.3163543140028289
frozenset({'Age_Group_Young'}),frozenset({'Category_Apparel'}),0.255,0.218,0.057,0.2235294117647059,1.025364274150027,1.0,0.0014100000000000015,1.007121212121212,0.033203814906393535,0.13701923076923078,0.007070859034150759,0.24249865083648137
frozenset({'Category_Apparel'}),frozenset({'Age_Group_Young'}),0.218,0.255,0.057,0.26146788990825687,1.0253642741500268,1.0,0.0014100000000000015,1.0087577639751553,0.03163279041593758,0.13701923076923078,0.00868173142047901,0.24249865083648137
frozenset({'Interest_Sports'}),frozenset({'Income_Level_Medium'}),0.213,0.229,0.05,0.23474178403755872,1.0250732927404311,1.0,0.0012230000000000019,1.0075030674846628,0.031080050825921263,0.12755102040816327,0.0074471907101928735,0.22654119769563524
frozenset({'Income_Level_Medium'}),frozenset({'Interest_Sports'}),0.229,0.213,0.05,0.2183406113537118,1.025073292740431,1.0,0.0012230000000000019,1.006832402234637,0.03172503242542158,0.12755102040816327,0.006786037298236092,0.22654119769563524
"frozenset({'Age_Group_Young', 'Gender_Male'})",frozenset({'Location_Suburban'}),0.14,0.349,0.05,0.35714285714285715,1.0233319688907083,1.0,0.0011400000000000021,1.0126666666666668,0.02651162790697679,0.11389521640091117,0.012508229098090896,0.25020466639377814
frozenset({'Location_Suburban'}),"frozenset({'Age_Group_Young', 'Gender_Male'})",0.349,0.14,0.05,0.14326647564469916,1.023331968890708,1.0,0.0011400000000000021,1.0038127090301003,0.03502304147465444,0.11389521640091117,0.0037982274938362167,0.25020466639377814
frozenset({'Income_Level_High'}),frozenset({'Interest_Sports'}),0.505,0.213,0.11,0.21782178217821782,1.0226374750151073,1.0,0.0024350000000000066,1.0061645569620252,0.04471992653810848,0.18092105263157895,0.006126788028231037,0.36712685353042346
frozenset({'Interest_Sports'}),frozenset({'Income_Level_High'}),0.213,0.505,0.11,0.5164319248826291,1.0226374750151073,1.0,0.0024350000000000066,1.0236407766990292,0.0281275268568789,0.18092105263157895,0.023094797742685087,0.36712685353042346
frozenset({'Income_Level_High'}),frozenset({'Interest_Travel'}),0.505,0.196,0.101,0.2,1.0204081632653061,1.0,0.002020000000000008,1.005,0.04040404040404056,0.1683333333333333,0.004975124378109457,0.3576530612244898
frozenset({'Interest_Travel'}),frozenset({'Income_Level_High'}),0.196,0.505,0.101,0.5153061224489796,1.0204081632653061,1.0,0.002020000000000008,1.0212631578947367,0.02487562189054736,0.1683333333333333,0.020820449391877875,0.3576530612244898
"frozenset({'Age_Group_Middle', 'Income_Level_High'})",frozenset({'Location_Urban'}),0.223,0.344,0.078,0.34977578475336324,1.0167900719574514,1.0,0.0012880000000000114,1.0088827586206897,0.021252021252021438,0.15950920245398775,0.008804549928907418,0.28825998539993747
frozenset({'Location_Urban'}),"frozenset({'Age_Group_Middle', 'Income_Level_High'})",0.344,0.223,0.078,0.22674418604651164,1.0167900719574512,1.0,0.0012880000000000114,1.004842105263158,0.025171982489055878,0.15950920245398775,0.004818772260632739,0.28825998539993747
frozenset({'Location_Suburban'}),frozenset({'Category_Health & Beauty'}),0.349,0.186,0.066,0.18911174785100288,1.0167298271559295,1.0,0.0010860000000000036,1.0038374558303889,0.025275799469347937,0.14072494669509597,0.0038227860577430923,0.2719752287642111
frozenset({'Category_Health & Beauty'}),frozenset({'Location_Suburban'}),0.186,0.349,0.066,0.3548387096774194,1.0167298271559295,1.0,0.0010860000000000036,1.00905,0.020214429305338462,0.14072494669509597,0.008968832069768657,0.2719752287642111
"frozenset({'Income_Level_High', 'Location_Urban'})",frozenset({'Gender_Male'}),0.174,0.526,0.093,0.5344827586206897,1.0161269175298284,1.0,0.001476000000000005,1.0182222222222224,0.019214246660938905,0.15321252059308071,0.017896115233522577,0.3556444211354399
frozenset({'Gender_Male'}),"frozenset({'Income_Level_High', 'Location_Urban'})",0.526,0.174,0.093,0.1768060836501901,1.0161269175298282,1.0,0.001476000000000005,1.0034087759815244,0.033483054307880886,0.15321252059308071,0.003397195702409335,0.3556444211354399
frozenset({'Interest_Fashion'}),"frozenset({'Income_Level_High', 'Gender_Male'})",0.209,0.278,0.059,0.2822966507177033,1.0154555781212349,1.0,0.000897999999999996,1.0059866666666666,0.01924189504810465,0.1378504672897196,0.005951039775212325,0.2472634332725207
"frozenset({'Income_Level_High', 'Gender_Male'})",frozenset({'Interest_Fashion'}),0.278,0.209,0.059,0.2122302158273381,1.0154555781212349,1.0,0.000897999999999996,1.0041004566210046,0.0210808019155828,0.1378504672897196,0.004083711538986214,0.2472634332725207
frozenset({'Location_Urban'}),frozenset({'Interest_Fashion'}),0.344,0.209,0.073,0.2122093023255814,1.0153555135195282,1.0,0.0011040000000000078,1.0040738007380074,0.023053792181757595,0.15208333333333335,0.004057272219445537,0.28074579948814954
frozenset({'Interest_Fashion'}),frozenset({'Location_Urban'}),0.209,0.344,0.073,0.3492822966507177,1.0153555135195282,1.0,0.0011040000000000078,1.0081176470588236,0.019119200595743343,0.15208333333333335,0.008052281479752624,0.28074579948814954
frozenset({'Age_Group_Young'}),frozenset({'Location_Suburban'}),0.255,0.349,0.09,0.3529411764705882,1.0112927692566998,1.0,0.0010050000000000059,1.0060909090909091,0.014988814317673467,0.17509727626459143,0.006054034517032605,0.30541041631552335
frozenset({'Location_Suburban'}),frozenset({'Age_Group_Young'}),0.349,0.255,0.09,0.25787965616045844,1.0112927692566998,1.0,0.0010050000000000059,1.0038803088803088,0.017153097798259187,0.17509727626459143,0.00386531028249454,0.30541041631552335
frozenset({'Income_Level_High'}),"frozenset({'Location_Rural', 'Gender_Female'})",0.505,0.153,0.078,0.15445544554455445,1.0095127159774802,1.0,0.0007349999999999995,1.0017213114754098,0.019036519036519026,0.13448275862068965,0.0017183536535471744,0.33212968355659095
"frozenset({'Location_Rural', 'Gender_Female'})",frozenset({'Income_Level_High'}),0.153,0.505,0.078,0.5098039215686274,1.00951271597748,1.0,0.0007349999999999995,1.0097999999999998,0.011125238397965663,0.13448275862068965,0.009704892057833155,0.33212968355659095
frozenset({'Age_Group_Middle'}),frozenset({'Location_Rural'}),0.426,0.307,0.132,0.3098591549295775,1.009313208239666,1.0,0.0012180000000000246,1.0041428571428572,0.01607538802660786,0.21963394342762066,0.004125764689145023,0.3699132908198376
frozenset({'Location_Rural'}),frozenset({'Age_Group_Middle'}),0.307,0.426,0.132,0.42996742671009774,1.009313208239666,1.0,0.0012180000000000246,1.00696,0.013314967860422673,0.21963394342762066,0.006911893223166819,0.3699132908198376
frozenset({'Gender_Female'}),"frozenset({'Age_Group_Senior', 'Location_Urban'})",0.474,0.115,0.055,0.11603375527426162,1.008989176297927,1.0,0.0004899999999999974,1.0011694510739857,0.01693743518838567,0.10299625468164796,0.0011680850556628369,0.29714731241973946
"frozenset({'Age_Group_Senior', 'Location_Urban'})",frozenset({'Gender_Female'}),0.115,0.474,0.055,0.47826086956521735,1.0089891762979268,1.0,0.0004899999999999974,1.0081666666666664,0.010066769388803232,0.10299625468164796,0.00810051248140185,0.29714731241973946
frozenset({'Category_Home & Kitchen'}),"frozenset({'Income_Level_High', 'Gender_Male'})",0.189,0.278,0.053,0.2804232804232804,1.0087168360549654,1.0,0.00045799999999999313,1.0033676470588235,0.01065537538096441,0.12801932367149757,0.0033563440765656274,0.23553538121883444
"frozenset({'Income_Level_High', 'Gender_Male'})",frozenset({'Category_Home & Kitchen'}),0.278,0.189,0.053,0.19064748201438847,1.0087168360549654,1.0,0.00045799999999999313,1.0020355555555553,0.011968849631526503,0.12801932367149757,0.0020314204862989745,0.23553538121883444
frozenset({'Interest_Food'}),frozenset({'Location_Suburban'}),0.196,0.349,0.069,0.3520408163265306,1.008712940763698,1.0,0.0005960000000000132,1.004692913385827,0.010743384526642388,0.14495798319327735,0.004670992821091609,0.27487427635810774
frozenset({'Location_Suburban'}),frozenset({'Interest_Food'}),0.349,0.196,0.069,0.19770773638968483,1.008712940763698,1.0,0.0005960000000000132,1.0021285714285715,0.013268327433825621,0.14495798319327735,0.0021240502359264023,0.27487427635810774
frozenset({'Location_Urban'}),frozenset({'Interest_Travel'}),0.344,0.196,0.068,0.19767441860465118,1.0085429520645468,1.0,0.0005760000000000071,1.0020869565217392,0.012912482065997289,0.1440677966101695,0.0020826102047900165,0.27230659705742766
frozenset({'Interest_Travel'}),frozenset({'Location_Urban'}),0.196,0.344,0.068,0.3469387755102041,1.0085429520645468,1.0,0.0005760000000000071,1.0045,0.010535557506584851,0.1440677966101695,0.004479840716774551,0.27230659705742766
frozenset({'Income_Level_High'}),"frozenset({'Interest_Sports', 'Gender_Male'})",0.505,0.108,0.055,0.10891089108910891,1.0084341767510085,1.0,0.0004600000000000021,1.0010222222222223,0.016896235078053337,0.09856630824372761,0.0010211783510189593,0.3090850751741841
"frozenset({'Interest_Sports', 'Gender_Male'})",frozenset({'Income_Level_High'}),0.108,0.505,0.055,0.5092592592592593,1.0084341767510085,1.0,0.0004600000000000021,1.0086792452830189,0.009376273950265024,0.09856630824372761,0.00860456416011979,0.3090850751741841
frozenset({'Category_Apparel'}),frozenset({'Income_Level_High'}),0.218,0.505,0.111,0.5091743119266056,1.0082659642111,1.0,0.0009099999999999941,1.0085046728971965,0.010483629409460543,0.18137254901960784,0.008432953387081932,0.36448814606231267
frozenset({'Income_Level_High'}),frozenset({'Category_Apparel'}),0.505,0.218,0.111,0.2198019801980198,1.0082659642111,1.0,0.0009099999999999941,1.0023096446700508,0.016562016562016457,0.18137254901960784,0.0023043225038616414,0.36448814606231267
frozenset({'Category_Books'}),frozenset({'Gender_Male'}),0.198,0.526,0.105,0.5303030303030303,1.0081806659753427,1.0,0.0008519999999999917,1.0091612903225806,0.010117563234770118,0.16962843295638125,0.00907812300217353,0.36496140108307407
frozenset({'Gender_Male'}),frozenset({'Category_Books'}),0.526,0.198,0.105,0.19961977186311786,1.0081806659753427,1.0,0.0008519999999999917,1.0020237529691212,0.017118746232670116,0.16962843295638125,0.00201966566473547,0.36496140108307407
frozenset({'Gender_Female'}),"frozenset({'Category_Apparel', 'Income_Level_High'})",0.474,0.111,0.053,0.11181434599156119,1.007336450374425,1.0,0.00038599999999999746,1.000916864608076,0.013846043475141597,0.09962406015037595,0.0009160247374141601,0.2946459117345193
"frozenset({'Category_Apparel', 'Income_Level_High'})",frozenset({'Gender_Female'}),0.111,0.474,0.053,0.4774774774774775,1.007336450374425,1.0,0.00038599999999999746,1.006655172413793,0.008192372179892554,0.09962406015037595,0.006611173911554198,0.2946459117345193
frozenset({'Income_Level_Low'}),frozenset({'Interest_Fashion'}),0.266,0.209,0.056,0.21052631578947367,1.007302946361118,1.0,0.0004060000000000036,1.0019333333333333,0.009877384196185373,0.13365155131264916,0.0019296027679818978,0.23923444976076555
frozenset({'Interest_Fashion'}),frozenset({'Income_Level_Low'}),0.209,0.266,0.056,0.2679425837320574,1.007302946361118,1.0,0.0004060000000000036,1.0026535947712418,0.009165613147914113,0.13365155131264916,0.0026465718420400713,0.23923444976076555
frozenset({'Age_Group_Middle'}),frozenset({'Income_Level_Low'}),0.426,0.266,0.114,0.26760563380281693,1.006036217303823,1.0,0.000684000000000004,1.0021923076923078,0.010452961672473927,0.19723183391003463,0.002187511992938582,0.34808853118712274
frozenset({'Income_Level_Low'}),frozenset({'Age_Group_Middle'}),0.266,0.426,0.114,0.42857142857142855,1.0060362173038229,1.0,0.000684000000000004,1.0045000000000002,0.008174386920980974,0.19723183391003463,0.00447984071677449,0.34808853118712274
"frozenset({'Income_Level_High', 'Gender_Male'})",frozenset({'Category_Health & Beauty'}),0.278,0.186,0.052,0.1870503597122302,1.005647095227044,1.0,0.00029199999999999365,1.0012920353982302,0.007777541018538081,0.12621359223300968,0.001290368196842988,0.2333101260926742
frozenset({'Category_Health & Beauty'}),"frozenset({'Income_Level_High', 'Gender_Male'})",0.186,0.278,0.052,0.27956989247311825,1.005647095227044,1.0,0.00029199999999999365,1.0021791044776118,0.006898506898506749,0.12621359223300968,0.002174366306257934,0.2333101260926742
"frozenset({'Age_Group_Middle', 'Gender_Female'})",frozenset({'Income_Level_High'}),0.217,0.505,0.11,0.5069124423963134,1.0037870146461652,1.0,0.0004149999999999987,1.0038785046728973,0.004818297921746183,0.17973856209150327,0.0038635199925522935,0.3623671122872656
frozenset({'Income_Level_High'}),"frozenset({'Age_Group_Middle', 'Gender_Female'})",0.505,0.217,0.11,0.21782178217821782,1.0037870146461652,1.0,0.0004149999999999987,1.0010506329113924,0.00762167125803487,0.17973856209150327,0.0010495302403803607,0.3623671122872656
frozenset({'Age_Group_Senior'}),"frozenset({'Gender_Female', 'Location_Urban'})",0.319,0.172,0.055,0.1724137931034483,1.0024057738572576,1.0,0.0001320000000000071,1.0005000000000002,0.0035242290748900575,0.12614678899082568,0.0004997501249375617,0.2460906174819567
"frozenset({'Gender_Female', 'Location_Urban'})",frozenset({'Age_Group_Senior'}),0.172,0.319,0.055,0.31976744186046513,1.0024057738572574,1.0,0.0001320000000000071,1.0011282051282053,0.002898550724637837,0.12614678899082568,0.001126933715807817,0.2460906174819567
frozenset({'Gender_Male'}),frozenset({'Category_Health & Beauty'}),0.526,0.186,0.098,0.18631178707224336,1.0016762745819536,1.0,0.00016399999999999748,1.0003831775700935,0.0035305261345043803,0.15960912052117265,0.00038303080128176655,0.35659675375117544
frozenset({'Category_Health & Beauty'}),frozenset({'Gender_Male'}),0.186,0.526,0.098,0.5268817204301075,1.0016762745819534,1.0,0.00016399999999999748,1.0018636363636362,0.0020558591987163096,0.15960912052117265,0.0018601696837710548,0.35659675375117544
frozenset({'Location_Urban'}),frozenset({'Income_Level_High'}),0.344,0.505,0.174,0.5058139534883721,1.0016117890858853,1.0,0.00028000000000000247,1.0016470588235293,0.00245304177179705,0.2577777777777777,0.0016443504815597959,0.4251842044669583
frozenset({'Income_Level_High'}),frozenset({'Location_Urban'}),0.505,0.344,0.174,0.3445544554455445,1.0016117890858853,1.0,0.00028000000000000247,1.000845921450151,0.0032508998026239693,0.2577777777777777,0.0008452064718666996,0.4251842044669583
frozenset({'Income_Level_Medium'}),frozenset({'Category_Apparel'}),0.229,0.218,0.05,0.2183406113537118,1.0015624374023477,1.0,7.800000000000168e-05,1.0004357541899442,0.002023346303501989,0.12594458438287154,0.0004355643909358063,0.2238492047594247
frozenset({'Category_Apparel'}),frozenset({'Income_Level_Medium'}),0.218,0.229,0.05,0.22935779816513763,1.0015624374023477,1.0,7.800000000000168e-05,1.0004642857142856,0.0019948849104859763,0.12594458438287154,0.0004640702530967812,0.2238492047594247
frozenset({'Category_Apparel'}),frozenset({'Location_Rural'}),0.218,0.307,0.067,0.30733944954128445,1.0011056988315454,1.0,7.400000000000462e-05,1.0004900662251657,0.0014123754628393445,0.1462882096069869,0.0004898261778996441,0.26279024594328065
frozenset({'Location_Rural'}),frozenset({'Category_Apparel'}),0.307,0.218,0.067,0.2182410423452769,1.0011056988315454,1.0,7.400000000000462e-05,1.0003083333333334,0.0015937627877927378,0.1462882096069869,0.00030823829319295045,0.26279024594328065
frozenset({'Gender_Female'}),frozenset({'Category_Health & Beauty'}),0.474,0.186,0.088,0.18565400843881857,0.9981398303162289,1.0,-0.00016399999999999748,0.9995751295336788,-0.0035305261345043803,0.15384615384615385,-0.00042505105796243804,0.3293861440043555
frozenset({'Category_Health & Beauty'}),frozenset({'Gender_Female'}),0.186,0.474,0.088,0.47311827956989244,0.9981398303162289,1.0,-0.00016399999999999748,0.998326530612245,-0.002284249818931382,0.15384615384615385,-0.0016762745819534893,0.3293861440043555
frozenset({'Age_Group_Senior'}),frozenset({'Category_Books'}),0.319,0.198,0.063,0.1974921630094044,0.9974351667141635,1.0,-0.00016200000000000936,0.9993671875000001,-0.003761755485893634,0.13876651982378854,-0.0006332132052314426,0.25783699059561127
frozenset({'Category_Books'}),frozenset({'Age_Group_Senior'}),0.198,0.319,0.063,0.3181818181818182,0.9974351667141635,1.0,-0.00016200000000000936,0.9988,-0.003196022727272912,0.13876651982378854,-0.0012014417300761071,0.25783699059561127
frozenset({'Location_Rural'}),frozenset({'Interest_Travel'}),0.307,0.196,0.06,0.19543973941368079,0.9971415276208203,1.0,-0.00017200000000000548,0.9993036437246964,-0.004119563134700265,0.13544018058690743,-0.0006968415252726645,0.2507810941966363
frozenset({'Interest_Travel'}),frozenset({'Location_Rural'}),0.196,0.307,0.06,0.3061224489795918,0.9971415276208202,1.0,-0.00017200000000000548,0.9987352941176469,-0.003552838139304418,0.13544018058690743,-0.0012663073887564315,0.2507810941966363
frozenset({'Location_Suburban'}),frozenset({'Age_Group_Senior'}),0.349,0.319,0.111,0.3180515759312321,0.9970268837969659,1.0,-0.00033099999999999796,0.998609243697479,-0.004559731099845685,0.19928186714542193,-0.0013926931993654677,0.33300697918818656
frozenset({'Age_Group_Senior'}),frozenset({'Location_Suburban'}),0.319,0.349,0.111,0.34796238244514105,0.9970268837969658,1.0,-0.00033099999999999796,0.9984086538461537,-0.004359737625457679,0.19928186714542193,-0.001593882572747968,0.33300697918818656
frozenset({'Age_Group_Middle'}),frozenset({'Category_Health & Beauty'}),0.426,0.186,0.079,0.18544600938967137,0.9970215558584482,1.0,-0.0002360000000000001,0.9993198847262249,-0.005177482339519988,0.14821763602251406,-0.0006805781453668614,0.3050885960926851
frozenset({'Category_Health & Beauty'}),frozenset({'Age_Group_Middle'}),0.186,0.426,0.079,0.42473118279569894,0.9970215558584482,1.0,-0.0002360000000000001,0.9977943925233648,-0.0036565337299742824,0.14821763602251406,-0.002210482934322393,0.3050885960926851
frozenset({'Age_Group_Middle'}),"frozenset({'Location_Suburban', 'Income_Level_High'})",0.426,0.172,0.073,0.17136150234741784,0.9962878043454526,1.0,-0.00027199999999999447,0.9992294617563741,-0.006449471238203502,0.13904761904761903,-0.0007711324306547619,0.2978900534992903
"frozenset({'Location_Suburban', 'Income_Level_High'})",frozenset({'Age_Group_Middle'}),0.172,0.426,0.073,0.4244186046511628,0.9962878043454526,1.0,-0.00027199999999999447,0.9972525252525255,-0.00447987350945376,0.13904761904761903,-0.002755044161737224,0.2978900534992903
frozenset({'Location_Urban'}),frozenset({'Age_Group_Middle'}),0.344,0.426,0.146,0.4244186046511628,0.9962878043454526,1.0,-0.0005439999999999889,0.9972525252525255,-0.0056478405315613465,0.23397435897435895,-0.002755044161737224,0.38357080467299925
frozenset({'Age_Group_Middle'}),frozenset({'Location_Urban'}),0.426,0.344,0.146,0.3427230046948357,0.9962878043454526,1.0,-0.0005439999999999889,0.998057142857143,-0.006449471238203502,0.23397435897435895,-0.001946639184701655,0.38357080467299925
frozenset({'Age_Group_Middle'}),frozenset({'Location_Suburban'}),0.426,0.349,0.148,0.3474178403755869,0.9954665913340599,1.0,-0.0006739999999999802,0.9975755395683454,-0.007871440917478104,0.2360446570972887,-0.002430352725672971,0.38574330414194813
frozenset({'Location_Suburban'}),frozenset({'Age_Group_Middle'}),0.349,0.426,0.148,0.42406876790830944,0.9954665913340598,1.0,-0.0006739999999999802,0.9966467661691544,-0.006946878027663625,0.2360446570972887,-0.0033645158391821407,0.38574330414194813
frozenset({'Location_Suburban'}),frozenset({'Interest_Travel'}),0.349,0.196,0.068,0.19484240687679086,0.994093912636688,1.0,-0.0004039999999999877,0.9985622775800713,-0.009043696275071358,0.1425576519916143,-0.0014397924418024248,0.27089059119349745
frozenset({'Interest_Travel'}),frozenset({'Location_Suburban'}),0.196,0.349,0.068,0.3469387755102041,0.994093912636688,1.0,-0.0004039999999999877,0.9968437499999999,-0.007335318469024397,0.1425576519916143,-0.0031662434559076784,0.27089059119349745
"frozenset({'Category_Apparel', 'Income_Level_High'})",frozenset({'Gender_Male'}),0.111,0.526,0.058,0.5225225225225225,0.9933888260884458,1.0,-0.00038599999999999746,0.9927169811320754,-0.007430507430507382,0.10017271157167532,-0.007336450374425124,0.31639434110917
frozenset({'Gender_Male'}),"frozenset({'Category_Apparel', 'Income_Level_High'})",0.526,0.111,0.058,0.11026615969581749,0.9933888260884458,1.0,-0.00038599999999999746,0.9991752136752137,-0.013846043475141597,0.10017271157167532,-0.0008254671588104747,0.31639434110917
"frozenset({'Age_Group_Senior', 'Location_Urban'})",frozenset({'Gender_Male'}),0.115,0.526,0.06,0.5217391304347826,0.991899487518598,1.0,-0.0004900000000000043,0.991090909090909,-0.009143496921067444,0.10327022375215146,-0.008989176297927065,0.3179037857497107
frozenset({'Gender_Male'}),"frozenset({'Age_Group_Senior', 'Location_Urban'})",0.526,0.115,0.06,0.11406844106463877,0.991899487518598,1.0,-0.0004900000000000043,0.9989484978540772,-0.016937435188385905,0.10327022375215146,-0.0010526089665098665,0.3179037857497107
frozenset({'Income_Level_Low'}),frozenset({'Location_Rural'}),0.266,0.307,0.081,0.30451127819548873,0.9918934143175528,1.0,-0.0006619999999999959,0.9964216216216217,-0.011012043382793199,0.16463414634146345,-0.0035912291551389065,0.2841774632019789
frozenset({'Location_Rural'}),frozenset({'Income_Level_Low'}),0.307,0.266,0.081,0.26384364820846906,0.9918934143175528,1.0,-0.0006619999999999959,0.9970707964601769,-0.011655955629896927,0.16463414634146345,-0.0029378089802874017,0.2841774632019789
"frozenset({'Income_Level_High', 'Gender_Male'})",frozenset({'Interest_Food'}),0.278,0.196,0.054,0.19424460431654675,0.991043899574218,1.0,-0.00048800000000000926,0.9978214285714286,-0.012361941432769509,0.12857142857142856,-0.002183327964494103,0.2348774041990897
frozenset({'Interest_Food'}),"frozenset({'Income_Level_High', 'Gender_Male'})",0.196,0.278,0.054,0.2755102040816326,0.991043899574218,1.0,-0.00048800000000000926,0.9965633802816901,-0.011115160349854438,0.12857142857142856,-0.0034484708010628796,0.2348774041990897
frozenset({'Gender_Female'}),frozenset({'Category_Books'}),0.474,0.198,0.093,0.19620253164556964,0.9909218769978264,1.0,-0.0008520000000000055,0.9977637795275591,-0.017118746232670394,0.1606217616580311,-0.0022412323621326313,0.33294975067126964
frozenset({'Category_Books'}),frozenset({'Gender_Female'}),0.198,0.474,0.093,0.46969696969696967,0.9909218769978263,1.0,-0.0008520000000000055,0.9918857142857144,-0.011294042790105855,0.1606217616580311,-0.008180665975342791,0.33294975067126964
"frozenset({'Category_Apparel', 'Gender_Female'})",frozenset({'Income_Level_High'}),0.106,0.505,0.053,0.5,0.9900990099009901,1.0,-0.0005300000000000027,0.99,-0.011061946902654923,0.0949820788530466,-0.01010101010101011,0.30247524752475247
frozenset({'Income_Level_High'}),"frozenset({'Age_Group_Senior', 'Gender_Female'})",0.505,0.142,0.071,0.14059405940594058,0.9900990099009901,1.0,-0.0007100000000000023,0.9983640552995392,-0.019801980198019868,0.12326388888888887,-0.0016386254010016402,0.3202970297029703
frozenset({'Income_Level_High'}),frozenset({'Category_Health & Beauty'}),0.505,0.186,0.093,0.18415841584158416,0.9900990099009901,1.0,-0.0009300000000000003,0.9977427184466019,-0.01980198019801981,0.1555183946488294,-0.002262388401002264,0.34207920792079205
frozenset({'Income_Level_High'}),"frozenset({'Category_Apparel', 'Gender_Female'})",0.505,0.106,0.053,0.10495049504950495,0.9900990099009901,1.0,-0.0005300000000000027,0.9988274336283186,-0.019801980198019903,0.0949820788530466,-0.0011739428976454702,0.30247524752475247
frozenset({'Category_Health & Beauty'}),frozenset({'Income_Level_High'}),0.186,0.505,0.093,0.5,0.9900990099009901,1.0,-0.0009300000000000003,0.99,-0.01213592233009709,0.1555183946488294,-0.01010101010101011,0.34207920792079205
"frozenset({'Age_Group_Senior', 'Gender_Female'})",frozenset({'Income_Level_High'}),0.142,0.505,0.071,0.5,0.9900990099009901,1.0,-0.0007100000000000023,0.99,-0.011520737327188979,0.12326388888888887,-0.01010101010101011,0.3202970297029703
frozenset({'Location_Urban'}),"frozenset({'Age_Group_Senior', 'Gender_Male'})",0.344,0.177,0.06,0.1744186046511628,0.9854158454867955,1.0,-0.000887999999999993,0.9968732394366197,-0.022063208109719568,0.13015184381778744,-0.0031365678600694964,0.2567008277493102
"frozenset({'Age_Group_Senior', 'Gender_Male'})",frozenset({'Location_Urban'}),0.177,0.344,0.06,0.3389830508474576,0.9854158454867955,1.0,-0.000887999999999993,0.9924102564102564,-0.017665313917402583,0.13015184381778744,-0.007647788342290183,0.2567008277493102
frozenset({'Age_Group_Middle'}),frozenset({'Category_Books'}),0.426,0.198,0.083,0.19483568075117372,0.9840185896523924,1.0,-0.001348000000000002,0.9960699708454811,-0.027515819555011267,0.1534195933456562,-0.0039455352229754255,0.30701379997154643
frozenset({'Category_Books'}),frozenset({'Age_Group_Middle'}),0.198,0.426,0.083,0.41919191919191917,0.9840185896523924,1.0,-0.001348000000000002,0.9882782608695652,-0.01984863209353008,0.1534195933456562,-0.01186076795832895,0.30701379997154643
frozenset({'Category_Apparel'}),frozenset({'Income_Level_Low'}),0.218,0.266,0.057,0.26146788990825687,0.982961992136304,1.0,-0.0009880000000000028,0.993863354037267,-0.021684737281067616,0.13348946135831383,-0.006174536909731808,0.23787680209698558
frozenset({'Income_Level_Low'}),frozenset({'Category_Apparel'}),0.266,0.218,0.057,0.21428571428571427,0.982961992136304,1.0,-0.0009880000000000028,0.9952727272727273,-0.023070097604259158,0.13348946135831383,-0.004749725977347475,0.23787680209698558
"frozenset({'Income_Level_High', 'Location_Urban'})",frozenset({'Gender_Female'}),0.174,0.474,0.081,0.4655172413793104,0.9821038847664777,1.0,-0.0014759999999999912,0.9841290322580646,-0.02158462753356134,0.14285714285714288,-0.016126917529828116,0.31820165866433875
frozenset({'Gender_Female'}),"frozenset({'Income_Level_High', 'Location_Urban'})",0.474,0.174,0.081,0.1708860759493671,0.9821038847664777,1.0,-0.0014759999999999912,0.9962442748091604,-0.03348305430788057,0.14285714285714288,-0.0037698838385385918,0.31820165866433875
"frozenset({'Interest_Travel', 'Gender_Male'})",frozenset({'Income_Level_High'}),0.113,0.505,0.056,0.49557522123893805,0.9813370717602734,1.0,-0.0010650000000000034,0.9813157894736841,-0.02099059857697545,0.09964412811387902,-0.01903995709305446,0.30323315517392446
frozenset({'Income_Level_High'}),"frozenset({'Interest_Travel', 'Gender_Male'})",0.505,0.113,0.056,0.11089108910891089,0.9813370717602734,1.0,-0.0010650000000000034,0.9976280623608018,-0.03699843668577396,0.09964412811387902,-0.002377577103820869,0.30323315517392446
frozenset({'Age_Group_Senior'}),"frozenset({'Income_Level_High', 'Gender_Male'})",0.319,0.278,0.087,0.2727272727272727,0.9810333551340744,1.0,-0.0016820000000000168,0.9927499999999999,-0.02760590195145196,0.17058823529411762,-0.007302946361118169,0.2928384565075212
"frozenset({'Income_Level_High', 'Gender_Male'})",frozenset({'Age_Group_Senior'}),0.278,0.319,0.087,0.3129496402877697,0.9810333551340743,1.0,-0.0016820000000000168,0.991193717277487,-0.02607913669064774,0.17058823529411762,-0.008884522338076769,0.2928384565075212
frozenset({'Age_Group_Senior'}),frozenset({'Income_Level_High'}),0.319,0.505,0.158,0.4952978056426332,0.9807877339458083,1.0,-0.0030950000000000144,0.9807763975155278,-0.0279602142863597,0.23723723723723722,-0.01960039264114505,0.40408454638567304
frozenset({'Income_Level_High'}),frozenset({'Age_Group_Senior'}),0.505,0.319,0.158,0.31287128712871287,0.9807877339458083,1.0,-0.0030950000000000144,0.9910806916426514,-0.038066539573212155,0.23723723723723722,-0.008999578371934117,0.40408454638567304
"frozenset({'Income_Level_High', 'Gender_Female'})",frozenset({'Age_Group_Senior'}),0.227,0.319,0.071,0.31277533039647576,0.9804869291425572,1.0,-0.0014130000000000115,0.9909423076923077,-0.025099474207759192,0.1494736842105263,-0.00914048399930139,0.2676729316559181
frozenset({'Age_Group_Senior'}),"frozenset({'Income_Level_High', 'Gender_Female'})",0.319,0.227,0.071,0.22257053291536047,0.9804869291425571,1.0,-0.0014130000000000115,0.9943024193548387,-0.028394019773330344,0.1494736842105263,-0.005730229087502636,0.2676729316559181
"frozenset({'Location_Suburban', 'Gender_Male'})",frozenset({'Age_Group_Young'}),0.2,0.255,0.05,0.25,0.9803921568627451,1.0,-0.0010000000000000009,0.9933333333333333,-0.024390243902439043,0.12345679012345678,-0.00671140939597316,0.2230392156862745
frozenset({'Age_Group_Young'}),"frozenset({'Location_Suburban', 'Gender_Male'})",0.255,0.2,0.05,0.19607843137254902,0.9803921568627451,1.0,-0.0010000000000000009,0.9951219512195122,-0.02614379084967322,0.12345679012345678,-0.004901960784313743,0.2230392156862745
frozenset({'Income_Level_Low'}),frozenset({'Interest_Travel'}),0.266,0.196,0.051,0.19172932330827067,0.9782108332054625,1.0,-0.001136000000000005,0.9947162790697675,-0.029452942701581667,0.1240875912408759,-0.005311786930011619,0.22596670247046186
frozenset({'Interest_Travel'}),frozenset({'Income_Level_Low'}),0.196,0.266,0.051,0.260204081632653,0.9782108332054624,1.0,-0.001136000000000005,0.9921655172413791,-0.026957759848125415,0.1240875912408759,-0.00789634654951907,0.22596670247046186
frozenset({'Income_Level_Low'}),"frozenset({'Location_Suburban', 'Gender_Male'})",0.266,0.2,0.052,0.19548872180451127,0.9774436090225563,1.0,-0.0012000000000000066,0.994392523364486,-0.030481609428978013,0.1256038647342995,-0.00563909774436093,0.2277443609022556
"frozenset({'Location_Suburban', 'Gender_Male'})",frozenset({'Income_Level_Low'}),0.2,0.266,0.052,0.25999999999999995,0.9774436090225561,1.0,-0.0012000000000000066,0.9918918918918919,-0.028037383177570246,0.1256038647342995,-0.008174386920981009,0.2277443609022556
frozenset({'Category_Apparel'}),frozenset({'Gender_Male'}),0.218,0.526,0.112,0.5137614678899083,0.9767328286880386,1.0,-0.0026680000000000037,0.9748301886792453,-0.029561671763506662,0.17721518987341772,-0.02581968799597413,0.36334461227195036
frozenset({'Gender_Male'}),frozenset({'Category_Apparel'}),0.526,0.218,0.112,0.21292775665399238,0.9767328286880385,1.0,-0.0026680000000000037,0.9935555555555556,-0.047851352320826525,0.17721518987341772,-0.006486244687989278,0.36334461227195036
frozenset({'Income_Level_High'}),"frozenset({'Age_Group_Middle', 'Location_Suburban'})",0.505,0.148,0.073,0.14455445544554454,0.9767192935509768,1.0,-0.0017400000000000054,0.9959722222222223,-0.045940594059406085,0.12586206896551722,-0.004044066378468837,0.3188988493443939
"frozenset({'Age_Group_Middle', 'Location_Suburban'})",frozenset({'Income_Level_High'}),0.148,0.505,0.073,0.49324324324324326,0.9767192935509768,1.0,-0.0017400000000000054,0.9767999999999999,-0.027214714714714802,0.12586206896551722,-0.023751023751023732,0.3188988493443939
frozenset({'Location_Suburban'}),frozenset({'Income_Level_High'}),0.349,0.505,0.172,0.49283667621776506,0.975914210332208,1.0,-0.004244999999999999,0.9760169491525424,-0.03652649784454941,0.25219941348973607,-0.02457237127724232,0.4167153678118528
frozenset({'Income_Level_High'}),frozenset({'Location_Suburban'}),0.505,0.349,0.172,0.34059405940594056,0.9759142103322079,1.0,-0.004244999999999999,0.9872522522522522,-0.04749118979694578,0.25219941348973607,-0.012912351142948407,0.4167153678118528
frozenset({'Category_Home & Kitchen'}),frozenset({'Gender_Male'}),0.189,0.526,0.097,0.5132275132275133,0.9757177057557286,1.0,-0.0024139999999999995,0.9737608695652173,-0.029772696439363096,0.15695792880258896,-0.026946174625499513,0.34881907980767296
frozenset({'Gender_Male'}),frozenset({'Category_Home & Kitchen'}),0.526,0.189,0.097,0.1844106463878327,0.9757177057557286,1.0,-0.0024139999999999995,0.9943729603729603,-0.049884278393122816,0.15695792880258896,-0.005658882382450441,0.34881907980767296
frozenset({'Age_Group_Senior'}),frozenset({'Interest_Food'}),0.319,0.196,0.061,0.19122257053291536,0.975625359861813,1.0,-0.0015240000000000115,0.9940930232558141,-0.03538836642284944,0.1343612334801762,-0.005942076451597821,0.25122353016441684
frozenset({'Interest_Food'}),frozenset({'Age_Group_Senior'}),0.196,0.319,0.061,0.3112244897959183,0.9756253598618129,1.0,-0.0015240000000000115,0.9887111111111111,-0.030137636449929034,0.1343612334801762,-0.011417782972219796,0.25122353016441684
"frozenset({'Age_Group_Senior', 'Income_Level_High'})",frozenset({'Location_Urban'}),0.158,0.344,0.053,0.33544303797468356,0.975125110391522,1.0,-0.001351999999999999,0.9871238095238096,-0.02940536778459261,0.11804008908685969,-0.013044149428836001,0.244756402708272
frozenset({'Location_Urban'}),"frozenset({'Age_Group_Senior', 'Income_Level_High'})",0.344,0.158,0.053,0.15406976744186046,0.9751251103915219,1.0,-0.001351999999999999,0.9953539518900344,-0.03743078626799554,0.11804008908685969,-0.004667734629619407,0.244756402708272
frozenset({'Income_Level_High'}),"frozenset({'Age_Group_Senior', 'Gender_Male'})",0.505,0.177,0.087,0.17227722772277226,0.9733176707501259,1.0,-0.0023849999999999982,0.9942942583732056,-0.05247524752475244,0.146218487394958,-0.005738483933448028,0.3319013257257929
"frozenset({'Age_Group_Senior', 'Gender_Male'})",frozenset({'Income_Level_High'}),0.177,0.505,0.087,0.4915254237288135,0.9733176707501258,1.0,-0.0023849999999999982,0.9735,-0.03223582839996754,0.146218487394958,-0.027221366204417126,0.3319013257257929
frozenset({'Location_Urban'}),"frozenset({'Income_Level_High', 'Gender_Male'})",0.344,0.278,0.093,0.27034883720930236,0.972477831688138,1.0,-0.0026319999999999955,0.9895139442231076,-0.04135763670647384,0.17580340264650282,-0.010597178380467679,0.30244060565501085
"frozenset({'Income_Level_High', 'Gender_Male'})",frozenset({'Location_Urban'}),0.278,0.344,0.093,0.3345323741007194,0.9724778316881378,1.0,-0.0026319999999999955,0.9857729729729728,-0.03771962509673529,0.17580340264650282,-0.014432356553781361,0.30244060565501085
frozenset({'Age_Group_Middle'}),frozenset({'Interest_Technology'}),0.426,0.186,0.077,0.1807511737089202,0.9717805038113989,1.0,-0.002236000000000002,0.9935931232091691,-0.048154369642934104,0.1439252336448598,-0.006448189546781094,0.29736483416628806
frozenset({'Interest_Technology'}),frozenset({'Age_Group_Middle'}),0.186,0.426,0.077,0.41397849462365593,0.9717805038113989,1.0,-0.002236000000000002,0.9794862385321104,-0.03444557414425242,0.1439252336448598,-0.02094338915739382,0.29736483416628806
frozenset({'Income_Level_High'}),frozenset({'Interest_Food'}),0.505,0.196,0.096,0.1900990099009901,0.9698929076581128,1.0,-0.0029799999999999965,0.9927139364303178,-0.05900990099009894,0.1586776859504132,-0.007339539924141674,0.33994746413416854
frozenset({'Interest_Food'}),frozenset({'Income_Level_High'}),0.196,0.505,0.096,0.4897959183673469,0.9698929076581128,1.0,-0.0029799999999999965,0.9702,-0.037173793722868075,0.1586776859504132,-0.030715316429602176,0.33994746413416854
frozenset({'Income_Level_Low'}),frozenset({'Location_Suburban'}),0.266,0.349,0.09,0.3383458646616541,0.9694723915806709,1.0,-0.002834000000000003,0.9838977272727274,-0.0411356576770111,0.1714285714285714,-0.016365799290853855,0.2981127604110563
frozenset({'Location_Suburban'}),frozenset({'Income_Level_Low'}),0.349,0.266,0.09,0.25787965616045844,0.9694723915806708,1.0,-0.002834000000000003,0.989057915057915,-0.04613831727012248,0.1714285714285714,-0.011063138745969451,0.2981127604110563
frozenset({'Interest_Technology'}),frozenset({'Location_Urban'}),0.186,0.344,0.062,0.3333333333333333,0.9689922480620156,1.0,-0.0019839999999999997,0.984,-0.037825059101654845,0.13247863247863248,-0.016260162601626,0.2567829457364341
frozenset({'Location_Urban'}),frozenset({'Interest_Technology'}),0.344,0.186,0.062,0.1802325581395349,0.9689922480620156,1.0,-0.0019839999999999997,0.9929645390070923,-0.04651162790697674,0.13247863247863248,-0.0070853094108907855,0.2567829457364341
frozenset({'Gender_Male'}),"frozenset({'Location_Rural', 'Income_Level_High'})",0.526,0.159,0.081,0.15399239543726237,0.9685056316808954,1.0,-0.0026339999999999975,0.9940808988764045,-0.06420005849663638,0.13410596026490065,-0.005954345496715379,0.33171317885070667
"frozenset({'Location_Rural', 'Income_Level_High'})",frozenset({'Gender_Male'}),0.159,0.526,0.081,0.5094339622641509,0.9685056316808953,1.0,-0.0026339999999999975,0.9662307692307692,-0.037227051091795596,0.13410596026490065,-0.03494944670010355,0.33171317885070667
frozenset({'Age_Group_Middle'}),frozenset({'Interest_Fashion'}),0.426,0.209,0.086,0.20187793427230047,0.965923130489476,1.0,-0.003033999999999995,0.9910764705882353,-0.05790297339593105,0.15664845173041891,-0.0090038757619463,0.3066805939304086
frozenset({'Interest_Fashion'}),frozenset({'Age_Group_Middle'}),0.209,0.426,0.086,0.41148325358851673,0.9659231304894759,1.0,-0.003033999999999995,0.9753333333333333,-0.04269631297495068,0.15664845173041891,-0.025290498974709513,0.3066805939304086
frozenset({'Gender_Male'}),frozenset({'Income_Level_Low'}),0.526,0.266,0.135,0.2566539923954373,0.9648646330655537,1.0,-0.004916000000000004,0.9874271099744246,-0.07134356950047896,0.20547945205479454,-0.012732980387687633,0.3820863946939593
frozenset({'Income_Level_Low'}),frozenset({'Gender_Male'}),0.266,0.526,0.135,0.5075187969924813,0.9648646330655537,1.0,-0.004916000000000004,0.9624732824427481,-0.04726650385554682,0.20547945205479454,-0.03898987976269782,0.3820863946939593
frozenset({'Gender_Female'}),frozenset({'Interest_Technology'}),0.474,0.186,0.085,0.17932489451476796,0.9641123361009031,1.0,-0.0031639999999999863,0.9918663239074551,-0.06609015331912911,0.14782608695652177,-0.008200375288982844,0.318157070913298
frozenset({'Interest_Technology'}),frozenset({'Gender_Female'}),0.186,0.474,0.085,0.456989247311828,0.964112336100903,1.0,-0.0031639999999999863,0.9686732673267328,-0.043729441357768566,0.14782608695652177,-0.03233983400793152,0.318157070913298
frozenset({'Interest_Food'}),frozenset({'Location_Urban'}),0.196,0.344,0.065,0.33163265306122447,0.9640484100616992,1.0,-0.0024239999999999956,0.9814961832061069,-0.04432740838270784,0.13684210526315788,-0.01885266301642607,0.26029307071665875
frozenset({'Location_Urban'}),frozenset({'Interest_Food'}),0.344,0.196,0.065,0.18895348837209305,0.9640484100616992,1.0,-0.0024239999999999956,0.9913118279569894,-0.053790165098526445,0.13684210526315788,-0.008764317945157902,0.26029307071665875
frozenset({'Interest_Sports'}),frozenset({'Gender_Male'}),0.213,0.526,0.108,0.5070422535211268,0.9639586568842714,1.0,-0.004038,0.961542857142857,-0.0453534604757733,0.17115689381933438,-0.03999524573601956,0.35618272371873827
frozenset({'Gender_Male'}),frozenset({'Interest_Sports'}),0.526,0.213,0.108,0.2053231939163498,0.9639586568842713,1.0,-0.004038,0.9903397129186603,-0.07311243889190656,0.17115689381933438,-0.009754518530686412,0.35618272371873827
frozenset({'Gender_Male'}),"frozenset({'Age_Group_Middle', 'Income_Level_High'})",0.526,0.223,0.113,0.21482889733840305,0.9633582840287132,1.0,-0.00429800000000001,0.9895932203389831,-0.07428275146906343,0.17767295597484278,-0.010516219641694925,0.3607776773687531
"frozenset({'Age_Group_Middle', 'Income_Level_High'})",frozenset({'Gender_Male'}),0.223,0.526,0.113,0.5067264573991032,0.9633582840287132,1.0,-0.00429800000000001,0.9609272727272727,-0.04666717336778911,0.17767295597484278,-0.04066148228037313,0.3607776773687531
frozenset({'Income_Level_High'}),frozenset({'Age_Group_Young'}),0.505,0.255,0.124,0.24554455445544554,0.9629198213939041,1.0,-0.0047750000000000015,0.9874671916010499,-0.07217897362255311,0.19496855345911948,-0.012691873214167065,0.3659095321296836
frozenset({'Age_Group_Young'}),frozenset({'Income_Level_High'}),0.255,0.505,0.124,0.48627450980392156,0.9629198213939041,1.0,-0.0047750000000000015,0.9635496183206108,-0.049148268231176996,0.19496855345911948,-0.037829273123390794,0.3659095321296836
"frozenset({'Location_Suburban', 'Gender_Male'})",frozenset({'Age_Group_Middle'}),0.2,0.426,0.082,0.41,0.9624413145539906,1.0,-0.0031999999999999945,0.9728813559322034,-0.04651162790697667,0.15073529411764705,-0.027874564459930334,0.3012441314553991
frozenset({'Age_Group_Middle'}),"frozenset({'Location_Suburban', 'Gender_Male'})",0.426,0.2,0.082,0.19248826291079812,0.9624413145539906,1.0,-0.0031999999999999945,0.9906976744186047,-0.06365878889154122,0.15073529411764705,-0.009389671361502358,0.3012441314553991
frozenset({'Gender_Male'}),frozenset({'Interest_Food'}),0.526,0.196,0.099,0.188212927756654,0.9602700395747652,1.0,-0.004096000000000002,0.9904074941451991,-0.08027909529222692,0.15890850722311398,-0.009685413237992557,0.34665748428649024
frozenset({'Interest_Food'}),frozenset({'Gender_Male'}),0.196,0.526,0.099,0.5051020408163265,0.9602700395747651,1.0,-0.004096000000000002,0.9577731958762885,-0.04894135640204562,0.15890850722311398,-0.04408852148454334,0.34665748428649024
frozenset({'Interest_Food'}),frozenset({'Income_Level_Low'}),0.196,0.266,0.05,0.25510204081632654,0.9590302286328065,1.0,-0.002135999999999999,0.9853698630136986,-0.050453514739228995,0.12135922330097088,-0.01484735583606741,0.2215359828141783
frozenset({'Income_Level_Low'}),frozenset({'Interest_Food'}),0.266,0.196,0.05,0.18796992481203006,0.9590302286328064,1.0,-0.002135999999999999,0.9901111111111113,-0.05500051498609534,0.12135922330097088,-0.009987655706430277,0.2215359828141783
frozenset({'Income_Level_Medium'}),frozenset({'Age_Group_Young'}),0.229,0.255,0.056,0.2445414847161572,0.9589862145731655,1.0,-0.0023950000000000013,0.9861560693641619,-0.052555353185139694,0.13084112149532712,-0.014038275548782298,0.23207466392670606
frozenset({'Age_Group_Young'}),frozenset({'Income_Level_Medium'}),0.255,0.229,0.056,0.2196078431372549,0.9589862145731655,1.0,-0.0023950000000000013,0.987964824120603,-0.054289924062110424,0.13084112149532712,-0.012181785814195992,0.23207466392670606
frozenset({'Gender_Female'}),frozenset({'Category_Electronics'}),0.474,0.209,0.095,0.20042194092827006,0.9589566551591869,1.0,-0.004065999999999986,0.9892717678100265,-0.07524613220815728,0.16156462585034015,-0.010844575311921525,0.3274836977368623
frozenset({'Category_Electronics'}),frozenset({'Gender_Female'}),0.209,0.474,0.095,0.4545454545454546,0.9589566551591869,1.0,-0.004065999999999986,0.9643333333333335,-0.05133125449748124,0.16156462585034015,-0.036985827860352455,0.3274836977368623
frozenset({'Interest_Sports'}),frozenset({'Age_Group_Middle'}),0.213,0.426,0.087,0.40845070422535207,0.9588044700125635,1.0,-0.003738000000000005,0.9703333333333333,-0.05176783414350417,0.1576086956521739,-0.030573686018550383,0.30633802816901406
frozenset({'Age_Group_Middle'}),frozenset({'Interest_Sports'}),0.426,0.213,0.087,0.20422535211267603,0.9588044700125635,1.0,-0.003738000000000005,0.9889734513274336,-0.06964006259780917,0.1576086956521739,-0.011149489056320154,0.30633802816901406
frozenset({'Category_Apparel'}),"frozenset({'Income_Level_High', 'Gender_Male'})",0.218,0.278,0.058,0.26605504587155965,0.9570325391063296,1.0,-0.002604000000000002,0.983725,-0.05429524603836534,0.13242009132420093,-0.016544257795623792,0.23734406969836974
"frozenset({'Income_Level_High', 'Gender_Male'})",frozenset({'Category_Apparel'}),0.278,0.218,0.058,0.20863309352517984,0.9570325391063296,1.0,-0.002604000000000002,0.9881636363636365,-0.05854316546762594,0.13242009132420093,-0.011978141272148546,0.23734406969836974
frozenset({'Income_Level_High'}),frozenset({'Interest_Fashion'}),0.505,0.209,0.101,0.2,0.9569377990430623,1.0,-0.0045449999999999935,0.98875,-0.08333333333333323,0.16476345840130507,-0.01137800252844498,0.3416267942583732
frozenset({'Interest_Fashion'}),frozenset({'Income_Level_High'}),0.209,0.505,0.101,0.48325358851674644,0.9569377990430622,1.0,-0.0045449999999999935,0.9579166666666666,-0.053827751196172176,0.16476345840130507,-0.04393214441061327,0.3416267942583732
frozenset({'Interest_Fashion'}),frozenset({'Gender_Male'}),0.209,0.526,0.105,0.5023923444976076,0.955118525660851,1.0,-0.004934000000000008,0.9525576923076922,-0.056075191217084035,0.16666666666666666,-0.04980518038479412,0.35100605818036273
frozenset({'Gender_Male'}),frozenset({'Interest_Fashion'}),0.526,0.209,0.105,0.19961977186311786,0.955118525660851,1.0,-0.004934000000000008,0.9882802850356295,-0.09019450131617446,0.16666666666666666,-0.011858695495426213,0.35100605818036273
"frozenset({'Income_Level_High', 'Location_Urban'})",frozenset({'Age_Group_Senior'}),0.174,0.319,0.053,0.3045977011494253,0.9548517277411451,1.0,-0.0025060000000000013,0.9792892561983472,-0.054143980641258346,0.12045454545454545,-0.021148750147686784,0.23537095088819227
frozenset({'Age_Group_Senior'}),"frozenset({'Income_Level_High', 'Location_Urban'})",0.319,0.174,0.053,0.16614420062695923,0.954851727741145,1.0,-0.0025060000000000013,0.9905789473684211,-0.0649239617606674,0.12045454545454545,-0.009510652993996078,0.23537095088819227
"frozenset({'Income_Level_High', 'Gender_Male'})",frozenset({'Age_Group_Middle'}),0.278,0.426,0.113,0.40647482014388486,0.9541662444692133,1.0,-0.005428000000000002,0.9671030303030302,-0.06238076631346682,0.1912013536379019,-0.03401599278068837,0.3358665180531631
frozenset({'Age_Group_Middle'}),"frozenset({'Income_Level_High', 'Gender_Male'})",0.426,0.278,0.113,0.2652582159624413,0.9541662444692133,1.0,-0.005428000000000002,0.9826581469648561,-0.07722293356096174,0.1912013536379019,-0.017647900329028687,0.3358665180531631
frozenset({'Gender_Male'}),frozenset({'Location_Rural'}),0.526,0.307,0.154,0.29277566539923955,0.9536666625382396,1.0,-0.007482000000000016,0.9798870967741936,-0.09296950719451298,0.22680412371134023,-0.020525735354632677,0.39720216494717675
frozenset({'Location_Rural'}),frozenset({'Gender_Male'}),0.307,0.526,0.154,0.501628664495114,0.9536666625382395,1.0,-0.007482000000000016,0.9510980392156863,-0.06551434275507002,0.22680412371134023,-0.051416319630561216,0.39720216494717675
frozenset({'Income_Level_High'}),frozenset({'Category_Home & Kitchen'}),0.505,0.189,0.091,0.1801980198019802,0.9534286762009534,1.0,-0.0044450000000000045,0.9892632850241544,-0.0898161244695899,0.15091210613598674,-0.01085324315415513,0.3308397506417308
frozenset({'Category_Home & Kitchen'}),frozenset({'Income_Level_High'}),0.189,0.505,0.091,0.48148148148148145,0.9534286762009534,1.0,-0.0044450000000000045,0.954642857142857,-0.056808015745213866,0.15091210613598674,-0.047512158623269796,0.3308397506417308
frozenset({'Income_Level_Low'}),"frozenset({'Age_Group_Middle', 'Gender_Male'})",0.266,0.209,0.053,0.19924812030075187,0.9533402885203439,1.0,-0.002593999999999999,0.9878215962441316,-0.06251204935415458,0.12559241706161137,-0.012328545763904073,0.22641831852358169
"frozenset({'Age_Group_Middle', 'Gender_Male'})",frozenset({'Income_Level_Low'}),0.209,0.266,0.053,0.2535885167464115,0.9533402885203438,1.0,-0.002593999999999999,0.9833717948717948,-0.05826987442999301,0.12559241706161137,-0.01690937772968466,0.22641831852358169
frozenset({'Income_Level_Medium'}),frozenset({'Location_Rural'}),0.229,0.307,0.067,0.2925764192139738,0.9530176521627812,1.0,-0.0033030000000000004,0.9796111111111112,-0.060098253275109176,0.14285714285714285,-0.020813247887483663,0.25540873077962534
frozenset({'Location_Rural'}),frozenset({'Income_Level_Medium'}),0.307,0.229,0.067,0.2182410423452769,0.9530176521627811,1.0,-0.0033030000000000004,0.9862375,-0.0664133188563156,0.14285714285714285,-0.013954549487319225,0.25540873077962534
frozenset({'Income_Level_Medium'}),frozenset({'Location_Urban'}),0.229,0.344,0.075,0.32751091703056767,0.9520666192749061,1.0,-0.0037760000000000016,0.9754805194805195,-0.061297706206068114,0.15060240963855423,-0.025135797209500457,0.27276708642226055
frozenset({'Location_Urban'}),frozenset({'Income_Level_Medium'}),0.344,0.229,0.075,0.2180232558139535,0.952066619274906,1.0,-0.0037760000000000016,0.9859628252788104,-0.0712775596496527,0.15060240963855423,-0.014237022290592117,0.27276708642226055
frozenset({'Gender_Female'}),frozenset({'Age_Group_Young'}),0.474,0.255,0.115,0.2426160337552743,0.9514354264912718,1.0,-0.005869999999999986,0.9836490250696379,-0.08845690174804079,0.18729641693811075,-0.0166227734828533,0.3467982129560685
frozenset({'Age_Group_Young'}),frozenset({'Gender_Female'}),0.255,0.474,0.115,0.45098039215686275,0.9514354264912717,1.0,-0.005869999999999986,0.9580714285714286,-0.06412147031514541,0.18729641693811075,-0.04376351300976659,0.3467982129560685
frozenset({'Location_Rural'}),"frozenset({'Age_Group_Middle', 'Gender_Male'})",0.307,0.209,0.061,0.1986970684039088,0.9507036765737263,1.0,-0.003162999999999999,0.9871422764227642,-0.06961440267629192,0.13406593406593406,-0.01302519797230239,0.2452815485560214
"frozenset({'Age_Group_Middle', 'Gender_Male'})",frozenset({'Location_Rural'}),0.209,0.307,0.061,0.291866028708134,0.9507036765737263,1.0,-0.003162999999999999,0.9786283783783786,-0.061520208503520434,0.13406593406593406,-0.021838342412505048,0.2452815485560214
frozenset({'Gender_Male'}),frozenset({'Location_Urban'}),0.526,0.344,0.172,0.32699619771863114,0.9505703422053232,1.0,-0.008944000000000007,0.9747344632768361,-0.0988593155893537,0.24641833810888253,-0.025920430306964677,0.41349809885931554
"frozenset({'Interest_Sports', 'Income_Level_High'})",frozenset({'Gender_Male'}),0.11,0.526,0.055,0.5,0.9505703422053231,1.0,-0.0028600000000000014,0.948,-0.05520169851380045,0.09466437177280551,-0.05485232067510554,0.30228136882129275
frozenset({'Location_Urban'}),frozenset({'Gender_Male'}),0.344,0.526,0.172,0.5,0.9505703422053231,1.0,-0.008944000000000007,0.948,-0.07344632768361588,0.24641833810888253,-0.05485232067510554,0.41349809885931554
frozenset({'Gender_Male'}),"frozenset({'Interest_Sports', 'Income_Level_High'})",0.526,0.11,0.055,0.10456273764258554,0.9505703422053231,1.0,-0.0028600000000000014,0.9939278131634819,-0.09885931558935365,0.09466437177280551,-0.0061092835476566935,0.30228136882129275
frozenset({'Location_Rural'}),frozenset({'Age_Group_Senior'}),0.307,0.319,0.093,0.30293159609120524,0.9496288278721167,1.0,-0.004933000000000007,0.9769485981308412,-0.07109913233980004,0.174484052532833,-0.023595306767686886,0.2972338231239725
frozenset({'Age_Group_Senior'}),frozenset({'Location_Rural'}),0.319,0.307,0.093,0.2915360501567398,0.9496288278721166,1.0,-0.004933000000000007,0.9781725663716815,-0.07226144786570192,0.174484052532833,-0.022314501938326427,0.2972338231239725
frozenset({'Gender_Female'}),"frozenset({'Category_Electronics', 'Income_Level_High'})",0.474,0.12,0.054,0.1139240506329114,0.9493670886075951,1.0,-0.0028799999999999937,0.9931428571428572,-0.09205983889528173,0.10000000000000002,-0.006904487917146128,0.2819620253164557
"frozenset({'Category_Electronics', 'Income_Level_High'})",frozenset({'Gender_Female'}),0.12,0.474,0.054,0.45,0.949367088607595,1.0,-0.0028799999999999937,0.9563636363636363,-0.05714285714285702,0.10000000000000002,-0.045627376425855445,0.2819620253164557
frozenset({'Location_Rural'}),"frozenset({'Income_Level_High', 'Gender_Male'})",0.307,0.278,0.081,0.26384364820846906,0.9490778712534857,1.0,-0.004346000000000003,0.9807699115044247,-0.0718596537641165,0.16071428571428573,-0.019607135445333743,0.2776052773416446
"frozenset({'Income_Level_High', 'Gender_Male'})",frozenset({'Location_Rural'}),0.278,0.307,0.081,0.2913669064748201,0.9490778712534857,1.0,-0.004346000000000003,0.9779390862944163,-0.06917298019991092,0.16071428571428573,-0.02255857651541109,0.2776052773416446
frozenset({'Income_Level_High'}),frozenset({'Gender_Female'}),0.505,0.474,0.227,0.4495049504950495,0.9483226803693028,1.0,-0.012369999999999992,0.9555035971223022,-0.09917024091073069,0.30186170212765956,-0.04656853518051418,0.4642039520407737
frozenset({'Gender_Female'}),frozenset({'Income_Level_High'}),0.474,0.505,0.227,0.4789029535864979,0.9483226803693028,1.0,-0.012369999999999992,0.949919028340081,-0.09387426767446796,0.30186170212765956,-0.05272130588586278,0.4642039520407737
frozenset({'Gender_Female'}),"frozenset({'Age_Group_Senior', 'Income_Level_High'})",0.474,0.158,0.071,0.14978902953586498,0.9480318325054745,1.0,-0.0038920000000000066,0.9903424317617866,-0.09437897085212683,0.12655971479500888,-0.009751746394459644,0.29957805907172996
"frozenset({'Age_Group_Senior', 'Income_Level_High'})",frozenset({'Gender_Female'}),0.158,0.474,0.071,0.4493670886075949,0.9480318325054745,1.0,-0.0038920000000000066,0.9552643678160919,-0.06112384960894567,0.12655971479500888,-0.046830630023583814,0.29957805907172996
frozenset({'Category_Apparel'}),frozenset({'Age_Group_Middle'}),0.218,0.426,0.088,0.40366972477064217,0.9475815135461084,1.0,-0.004867999999999997,0.9625538461538463,-0.06606590304543723,0.15827338129496402,-0.03890291851804498,0.30512124736184687
frozenset({'Age_Group_Middle'}),frozenset({'Category_Apparel'}),0.426,0.218,0.088,0.20657276995305163,0.9475815135461084,1.0,-0.004867999999999997,0.9855976331360947,-0.08790176959191039,0.15827338129496402,-0.014612826146992802,0.30512124736184687
frozenset({'Location_Urban'}),frozenset({'Age_Group_Young'}),0.344,0.255,0.083,0.2412790697674419,0.9461924304605565,1.0,-0.004719999999999988,0.9819157088122605,-0.07977285018929132,0.16085271317829458,-0.018417356016856515,0.28338463292293664
frozenset({'Age_Group_Young'}),frozenset({'Location_Urban'}),0.255,0.344,0.083,0.3254901960784314,0.9461924304605565,1.0,-0.004719999999999988,0.9725581395348837,-0.07091878897152715,0.16085271317829458,-0.028216164514586264,0.28338463292293664
frozenset({'Interest_Technology'}),frozenset({'Location_Rural'}),0.186,0.307,0.054,0.2903225806451613,0.9456761584532942,1.0,-0.0031020000000000006,0.9765,-0.0659186535764376,0.12300683371298406,-0.024065540194572414,0.23310917305873702
frozenset({'Location_Rural'}),frozenset({'Interest_Technology'}),0.307,0.186,0.054,0.1758957654723127,0.9456761584532941,1.0,-0.0031020000000000006,0.9877391304347827,-0.07654723127035831,0.12300683371298406,-0.012413064530328378,0.23310917305873702
frozenset({'Age_Group_Senior'}),frozenset({'Category_Home & Kitchen'}),0.319,0.189,0.057,0.17868338557993732,0.9454147385181869,1.0,-0.0032910000000000023,0.9874389312977099,-0.07815616984895987,0.12638580931263857,-0.012720856251618597,0.24013534358361943
frozenset({'Category_Home & Kitchen'}),frozenset({'Age_Group_Senior'}),0.189,0.319,0.057,0.30158730158730157,0.9454147385181867,1.0,-0.0032910000000000023,0.9750681818181819,-0.06646068096449781,0.12638580931263857,-0.02556930750763353,0.24013534358361943
frozenset({'Age_Group_Senior'}),frozenset({'Interest_Sports'}),0.319,0.213,0.064,0.2006269592476489,0.9419106067964738,1.0,-0.003946999999999992,0.984521568627451,-0.08304054196208774,0.13675213675213674,-0.015721779863216136,0.25054822140786204
frozenset({'Interest_Sports'}),frozenset({'Age_Group_Senior'}),0.213,0.319,0.064,0.3004694835680751,0.9419106067964738,1.0,-0.003946999999999992,0.973510067114094,-0.07266869188990135,0.13675213675213674,-0.027210743659214214,0.25054822140786204
frozenset({'Gender_Female'}),"frozenset({'Age_Group_Middle', 'Location_Suburban'})",0.474,0.148,0.066,0.13924050632911394,0.9408142319534727,1.0,-0.004151999999999989,0.9898235294117648,-0.1068230935473909,0.11870503597122302,-0.010281095857847474,0.29259322613752997
"frozenset({'Age_Group_Middle', 'Location_Suburban'})",frozenset({'Gender_Female'}),0.148,0.474,0.066,0.445945945945946,0.9408142319534726,1.0,-0.004151999999999989,0.9493658536585368,-0.06875993640699506,0.11870503597122302,-0.05333470352481745,0.29259322613752997
frozenset({'Gender_Female'}),frozenset({'Age_Group_Senior'}),0.474,0.319,0.142,0.29957805907172996,0.9391161726386519,1.0,-0.00920600000000002,0.9722710843373494,-0.10972847982073494,0.21812596006144394,-0.02851973704591783,0.3723595624512255
frozenset({'Age_Group_Senior'}),frozenset({'Gender_Female'}),0.319,0.474,0.142,0.44514106583072094,0.9391161726386518,1.0,-0.00920600000000002,0.9479887005649716,-0.0869245005098767,0.21812596006144394,-0.054864893857944935,0.3723595624512255
frozenset({'Gender_Male'}),frozenset({'Income_Level_Medium'}),0.526,0.229,0.113,0.21482889733840305,0.9381174556262142,1.0,-0.007454000000000002,0.981951573849879,-0.12216467811721518,0.17601246105919002,-0.018380159094159486,0.35413933949889587
frozenset({'Income_Level_Medium'}),frozenset({'Gender_Male'}),0.229,0.526,0.113,0.49344978165938863,0.9381174556262141,1.0,-0.007454000000000002,0.9357413793103446,-0.07881408799179507,0.17601246105919002,-0.06867134671015061,0.35413933949889587
"frozenset({'Age_Group_Middle', 'Income_Level_High'})",frozenset({'Location_Suburban'}),0.223,0.349,0.073,0.3273542600896861,0.9379778226065505,1.0,-0.004826999999999998,0.9678200000000001,-0.0784265938779489,0.1462925851703407,-0.03324998450125019,0.2682616572654734
frozenset({'Location_Suburban'}),"frozenset({'Age_Group_Middle', 'Income_Level_High'})",0.349,0.223,0.073,0.20916905444126074,0.9379778226065504,1.0,-0.004826999999999998,0.9825108695652175,-0.09220630372492832,0.1462925851703407,-0.017800444734542162,0.2682616572654734
frozenset({'Category_Books'}),frozenset({'Location_Rural'}),0.198,0.307,0.057,0.2878787878787879,0.9377159214292765,1.0,-0.0037859999999999977,0.9731489361702128,-0.07648484848484843,0.12723214285714285,-0.027591936682845732,0.23677327016089234
frozenset({'Location_Rural'}),frozenset({'Category_Books'}),0.307,0.198,0.057,0.18566775244299674,0.9377159214292764,1.0,-0.0037859999999999977,0.9848560000000001,-0.08746274863122872,0.12723214285714285,-0.015376867278058936,0.23677327016089234
frozenset({'Income_Level_Low'}),frozenset({'Interest_Sports'}),0.266,0.213,0.053,0.19924812030075187,0.9354371845105722,1.0,-0.0036580000000000015,0.9828262910798122,-0.08594924812030079,0.12441314553990611,-0.017473798855461405,0.22403720569028204
frozenset({'Interest_Sports'}),frozenset({'Income_Level_Low'}),0.213,0.266,0.053,0.24882629107981222,0.9354371845105722,1.0,-0.0036580000000000015,0.9771375,-0.08062774140933239,0.12441314553990611,-0.0233974235969861,0.22403720569028204
frozenset({'Category_Apparel'}),frozenset({'Location_Suburban'}),0.218,0.349,0.071,0.3256880733944954,0.9332036486948293,1.0,-0.005082000000000003,0.9654285714285714,-0.08385585109893742,0.1431451612903226,-0.0358094110683634,0.2645632344049841
frozenset({'Location_Suburban'}),frozenset({'Category_Apparel'}),0.349,0.218,0.071,0.20343839541547276,0.9332036486948292,1.0,-0.005082000000000003,0.9817194244604317,-0.09905853458862061,0.1431451612903226,-0.018620977729574474,0.2645632344049841
frozenset({'Age_Group_Middle'}),frozenset({'Gender_Male'}),0.426,0.526,0.209,0.49061032863849763,0.9327192559667254,1.0,-0.015076000000000006,0.9305253456221197,-0.1116393418343923,0.2812920592193809,-0.07466175392722024,0.44397436584016137
frozenset({'Gender_Male'}),frozenset({'Age_Group_Middle'}),0.526,0.426,0.209,0.39733840304182505,0.9327192559667254,1.0,-0.015076000000000006,0.9524416403785488,-0.1320810919731563,0.2812920592193809,-0.04993309574594937,0.44397436584016137
frozenset({'Income_Level_High'}),"frozenset({'Gender_Female', 'Location_Urban'})",0.505,0.172,0.081,0.1603960396039604,0.932535113976514,1.0,-0.00585999999999999,0.986179245283019,-0.12751604830812732,0.13590604026845637,-0.014014444922753123,0.31566313608105
"frozenset({'Gender_Female', 'Location_Urban'})",frozenset({'Income_Level_High'}),0.172,0.505,0.081,0.4709302325581396,0.932535113976514,1.0,-0.00585999999999999,0.9356043956043957,-0.08035322509872739,0.13590604026845637,-0.06882781301385942,0.31566313608105
"frozenset({'Location_Rural', 'Gender_Male'})",frozenset({'Age_Group_Middle'}),0.154,0.426,0.061,0.3961038961038961,0.9298213523565637,1.0,-0.004603999999999997,0.9504946236559141,-0.08190713396192843,0.11753371868978807,-0.05208380469704506,0.26964819218340347
frozenset({'Age_Group_Middle'}),"frozenset({'Location_Rural', 'Gender_Male'})",0.426,0.154,0.061,0.1431924882629108,0.9298213523565637,1.0,-0.004603999999999997,0.9873863013698629,-0.116209803624615,0.11753371868978807,-0.012774836568663342,0.26964819218340347
frozenset({'Interest_Sports'}),"frozenset({'Income_Level_High', 'Gender_Male'})",0.213,0.278,0.055,0.25821596244131456,0.9288343972709157,1.0,-0.0042140000000000025,0.9733291139240505,-0.08871765721383612,0.12614678899082568,-0.027401714070201474,0.2280288445300098
"frozenset({'Income_Level_High', 'Gender_Male'})",frozenset({'Interest_Sports'}),0.278,0.213,0.055,0.19784172661870503,0.9288343972709157,1.0,-0.0042140000000000025,0.9811031390134529,-0.09593843912212008,0.12614678899082568,-0.019260830217655612,0.2280288445300098
frozenset({'Category_Books'}),frozenset({'Location_Urban'}),0.198,0.344,0.063,0.3181818181818182,0.9249471458773785,1.0,-0.0051119999999999916,0.9621333333333333,-0.09187965059851165,0.1315240083507307,-0.03935698447893566,0.2506606765327696
frozenset({'Location_Urban'}),frozenset({'Category_Books'}),0.344,0.198,0.063,0.18313953488372095,0.9249471458773785,1.0,-0.0051119999999999916,0.9818078291814947,-0.11007751937984478,0.1315240083507307,-0.018529258249724512,0.2506606765327696
"frozenset({'Gender_Male', 'Income_Level_Low'})",frozenset({'Age_Group_Middle'}),0.135,0.426,0.053,0.39259259259259255,0.9215788558511563,1.0,-0.004510000000000007,0.9450000000000002,-0.08956409492602535,0.10433070866141735,-0.05820105820105825,0.2585028690662493
frozenset({'Age_Group_Middle'}),"frozenset({'Gender_Male', 'Income_Level_Low'})",0.426,0.135,0.053,0.12441314553990611,0.9215788558511563,1.0,-0.004510000000000007,0.9879088471849866,-0.12910798122065748,0.10433070866141735,-0.012239138104154798,0.2585028690662493
"frozenset({'Age_Group_Middle', 'Gender_Male'})",frozenset({'Location_Urban'}),0.209,0.344,0.066,0.31578947368421056,0.9179926560587517,1.0,-0.005895999999999985,0.9587692307692309,-0.10147671336614893,0.13552361396303905,-0.04300385109114239,0.25382496940024485
frozenset({'Location_Urban'}),"frozenset({'Age_Group_Middle', 'Gender_Male'})",0.344,0.209,0.066,0.1918604651162791,0.9179926560587517,1.0,-0.005895999999999985,0.9787913669064748,-0.11985688729874747,0.13552361396303905,-0.02166818569370529,0.25382496940024485
"frozenset({'Age_Group_Senior', 'Location_Urban'})",frozenset({'Income_Level_High'}),0.115,0.505,0.053,0.46086956521739125,0.9126130004304778,1.0,-0.005075000000000003,0.9181451612903225,-0.09763370527125823,0.09347442680776015,-0.0891523935002197,0.2829100301334481
frozenset({'Income_Level_High'}),"frozenset({'Age_Group_Senior', 'Location_Urban'})",0.505,0.115,0.053,0.10495049504950495,0.9126130004304778,1.0,-0.005075000000000003,0.9887721238938053,-0.1620887895241138,0.09347442680776015,-0.011355372825418144,0.2829100301334481
frozenset({'Age_Group_Middle'}),frozenset({'Income_Level_Medium'}),0.426,0.229,0.089,0.20892018779342722,0.9123152305389834,1.0,-0.008554000000000006,0.9746172106824926,-0.14342723004694843,0.15724381625441694,-0.026043855002039932,0.29878323800151707
frozenset({'Income_Level_Medium'}),frozenset({'Age_Group_Middle'}),0.229,0.426,0.089,0.38864628820960695,0.9123152305389834,1.0,-0.008554000000000006,0.9389,-0.11084187474894078,0.15724381625441694,-0.0650761529449356,0.29878323800151707
frozenset({'Age_Group_Senior'}),frozenset({'Income_Level_Low'}),0.319,0.266,0.077,0.24137931034482757,0.9074410163339381,1.0,-0.007854000000000014,0.9675454545454546,-0.13026819923371669,0.1515748031496063,-0.033543173917128674,0.2654264972776769
frozenset({'Income_Level_Low'}),frozenset({'Age_Group_Senior'}),0.266,0.319,0.077,0.28947368421052627,0.9074410163339381,1.0,-0.007854000000000014,0.9584444444444445,-0.12200956937799065,0.1515748031496063,-0.04335729190818463,0.2654264972776769
frozenset({'Income_Level_High'}),"frozenset({'Location_Suburban', 'Gender_Female'})",0.505,0.149,0.068,0.13465346534653466,0.9037145325270783,1.0,-0.0072449999999999876,0.983421052631579,-0.17711771177117683,0.11604095563139931,-0.01685844260101684,0.29551465213635464
"frozenset({'Location_Suburban', 'Gender_Female'})",frozenset({'Income_Level_High'}),0.149,0.505,0.068,0.45637583892617456,0.9037145325270783,1.0,-0.0072449999999999876,0.9105555555555556,-0.11126810314376528,0.11604095563139931,-0.0982306284319706,0.29551465213635464
"frozenset({'Gender_Male', 'Location_Urban'})",frozenset({'Age_Group_Middle'}),0.172,0.426,0.066,0.3837209302325582,0.9007533573534231,1.0,-0.007271999999999987,0.9313962264150945,-0.11744186046511608,0.12406015037593984,-0.07365691597115291,0.26932525384867345
frozenset({'Age_Group_Middle'}),"frozenset({'Gender_Male', 'Location_Urban'})",0.426,0.172,0.066,0.15492957746478875,0.900753357353423,1.0,-0.007271999999999987,0.9798000000000001,-0.1610417220302947,0.12406015037593984,-0.020616452337211637,0.26932525384867345
frozenset({'Location_Suburban'}),frozenset({'Gender_Female'}),0.349,0.474,0.149,0.4269340974212035,0.9007048468801762,1.0,-0.016425999999999996,0.9178700000000001,-0.1448181617809125,0.22106824925816024,-0.08947890224105799,0.3706400444911925
frozenset({'Gender_Female'}),frozenset({'Location_Suburban'}),0.474,0.349,0.149,0.3143459915611814,0.900704846880176,1.0,-0.016425999999999996,0.9494584615384616,-0.1732700421940928,0.22106824925816024,-0.05323196380770898,0.3706400444911925
frozenset({'Category_Books'}),frozenset({'Income_Level_High'}),0.198,0.505,0.09,0.45454545454545453,0.9000900090009001,1.0,-0.009990000000000013,0.9075000000000001,-0.12157721796276028,0.14681892332789556,-0.10192837465564743,0.31638163816381637
frozenset({'Income_Level_High'}),frozenset({'Category_Books'}),0.505,0.198,0.09,0.1782178217821782,0.9000900090009,1.0,-0.009990000000000013,0.9759277108433735,-0.1831683168316834,0.14681892332789556,-0.02466605762820673,0.31638163816381637
frozenset({'Age_Group_Senior'}),frozenset({'Category_Electronics'}),0.319,0.209,0.06,0.18808777429467083,0.8999415038022528,1.0,-0.006670999999999996,0.9742432432432433,-0.14035050808945734,0.1282051282051282,-0.026437706327849763,0.23758455700379474
frozenset({'Category_Electronics'}),frozenset({'Age_Group_Senior'}),0.209,0.319,0.06,0.28708133971291866,0.8999415038022528,1.0,-0.006670999999999996,0.9552281879194631,-0.1232380706064916,0.1282051282051282,-0.046870279423026934,0.23758455700379474
frozenset({'Category_Electronics'}),frozenset({'Income_Level_Low'}),0.209,0.266,0.05,0.23923444976076558,0.8993776306795698,1.0,-0.005593999999999995,0.9648176100628931,-0.1239145844409001,0.11764705882352942,-0.03646532730140931,0.21360218728639782
frozenset({'Income_Level_Low'}),frozenset({'Category_Electronics'}),0.266,0.209,0.05,0.18796992481203006,0.8993776306795698,1.0,-0.005593999999999995,0.9741018518518519,-0.1322646238237101,0.11764705882352942,-0.026586694295790046,0.21360218728639782
frozenset({'Gender_Female'}),frozenset({'Interest_Travel'}),0.474,0.196,0.083,0.17510548523206754,0.893395332816671,1.0,-0.009903999999999996,0.9746700767263428,-0.1849072103356857,0.14139693356047703,-0.0259882024476772,0.2992874364935848
frozenset({'Interest_Travel'}),frozenset({'Gender_Female'}),0.196,0.474,0.083,0.42346938775510207,0.893395332816671,1.0,-0.009903999999999996,0.9123539823008852,-0.1292343024166188,0.14139693356047703,-0.0960658027469542,0.2992874364935848
"frozenset({'Age_Group_Middle', 'Income_Level_Low'})",frozenset({'Gender_Male'}),0.114,0.526,0.053,0.46491228070175433,0.8838636515242477,1.0,-0.006964000000000005,0.8858360655737703,-0.12914951225844748,0.09028960817717206,-0.1288770449330078,0.2828363684877593
frozenset({'Gender_Male'}),"frozenset({'Age_Group_Middle', 'Income_Level_Low'})",0.526,0.114,0.053,0.10076045627376425,0.8838636515242477,1.0,-0.006964000000000005,0.985276955602537,-0.21704170043009424,0.09028960817717206,-0.014943051609746906,0.2828363684877593
frozenset({'Age_Group_Senior'}),frozenset({'Interest_Travel'}),0.319,0.196,0.055,0.1724137931034483,0.8796622097114708,1.0,-0.00752400000000001,0.9715,-0.1672780630961117,0.11956521739130434,-0.02933607822954194,0.22651301900070372
frozenset({'Interest_Travel'}),frozenset({'Age_Group_Senior'}),0.196,0.319,0.055,0.28061224489795916,0.8796622097114707,1.0,-0.00752400000000001,0.9466382978723404,-0.1454081632653063,0.11956521739130434,-0.05636968443765175,0.22651301900070372
frozenset({'Category_Home & Kitchen'}),frozenset({'Location_Suburban'}),0.189,0.349,0.058,0.3068783068783069,0.8793074695653494,1.0,-0.007960999999999989,0.939229007633588,-0.14474808632884215,0.12083333333333333,-0.06470306163086491,0.236533709313079
frozenset({'Location_Suburban'}),frozenset({'Category_Home & Kitchen'}),0.349,0.189,0.058,0.16618911174785103,0.8793074695653493,1.0,-0.007960999999999989,0.9726426116838487,-0.17412891795533564,0.12083333333333333,-0.02812686590893831,0.236533709313079
frozenset({'Gender_Male'}),"frozenset({'Location_Rural', 'Age_Group_Middle'})",0.526,0.132,0.061,0.11596958174904942,0.8785574374927986,1.0,-0.008432000000000009,0.9818666666666666,-0.22578053874578288,0.10217755443886098,-0.018468223791417725,0.28904539693513076
"frozenset({'Location_Rural', 'Age_Group_Middle'})",frozenset({'Gender_Male'}),0.132,0.526,0.061,0.4621212121212121,0.8785574374927986,1.0,-0.008432000000000009,0.8812394366197184,-0.1373737373737375,0.10217755443886098,-0.13476537527170449,0.28904539693513076
frozenset({'Category_Electronics'}),frozenset({'Location_Urban'}),0.209,0.344,0.063,0.3014354066985646,0.8762657171469902,1.0,-0.008895999999999987,0.939068493150685,-0.1514754210015493,0.1285714285714286,-0.06488505076438317,0.24228747079114277
frozenset({'Location_Urban'}),frozenset({'Category_Electronics'}),0.344,0.209,0.063,0.18313953488372095,0.8762657171469902,1.0,-0.008895999999999987,0.9683416370106762,-0.17712647339917148,0.1285714285714286,-0.032693381942198535,0.24228747079114277
frozenset({'Category_Health & Beauty'}),frozenset({'Location_Rural'}),0.186,0.307,0.05,0.2688172043010753,0.8756260726419391,1.0,-0.007101999999999997,0.9477794117647059,-0.14857118948997944,0.11286681715575621,-0.05509782929137761,0.215841826906238
frozenset({'Location_Rural'}),frozenset({'Category_Health & Beauty'}),0.307,0.186,0.05,0.16286644951140067,0.875626072641939,1.0,-0.007101999999999997,0.972365758754864,-0.17009963594558336,0.11286681715575621,-0.02841959519483947,0.215841826906238
frozenset({'Location_Suburban'}),"frozenset({'Age_Group_Middle', 'Gender_Female'})",0.349,0.217,0.066,0.18911174785100288,0.8714827089907967,1.0,-0.009732999999999992,0.9656077738515902,-0.18469041158276234,0.13200000000000003,-0.035617180266918416,0.24662960664439545
"frozenset({'Age_Group_Middle', 'Gender_Female'})",frozenset({'Location_Suburban'}),0.217,0.349,0.066,0.30414746543778803,0.8714827089907967,1.0,-0.009732999999999992,0.935543046357616,-0.15848952142124365,0.13200000000000003,-0.06889790255332096,0.24662960664439545
"frozenset({'Age_Group_Middle', 'Location_Urban'})",frozenset({'Gender_Male'}),0.146,0.526,0.066,0.452054794520548,0.8594197614459087,1.0,-0.010796,0.86505,-0.160750446694461,0.1089108910891089,-0.15600254320559503,0.2887650398458253
frozenset({'Gender_Male'}),"frozenset({'Age_Group_Middle', 'Location_Urban'})",0.526,0.146,0.066,0.12547528517110265,0.8594197614459086,1.0,-0.010796,0.9765304347826086,-0.25655893536121677,0.1089108910891089,-0.024033623921425457,0.2887650398458253
"frozenset({'Income_Level_High', 'Gender_Female'})",frozenset({'Location_Suburban'}),0.227,0.349,0.068,0.29955947136563876,0.8583365941708848,1.0,-0.011222999999999997,0.9294150943396227,-0.1759449417592926,0.13385826771653545,-0.07594551249517852,0.24720093912121482
frozenset({'Location_Suburban'}),"frozenset({'Income_Level_High', 'Gender_Female'})",0.349,0.227,0.068,0.19484240687679086,0.8583365941708848,1.0,-0.011222999999999997,0.9600604982206407,-0.20224901335351672,0.13385826771653545,-0.04160102603261209,0.24720093912121482
frozenset({'Interest_Fashion'}),frozenset({'Location_Rural'}),0.209,0.307,0.055,0.2631578947368421,0.8571918395336876,1.0,-0.009162999999999998,0.9405,-0.17397660818713445,0.11930585683297179,-0.06326422115895801,0.22115549459969142
frozenset({'Location_Rural'}),frozenset({'Interest_Fashion'}),0.307,0.209,0.055,0.1791530944625407,0.8571918395336876,1.0,-0.009162999999999998,0.9636388888888889,-0.19381107491856672,0.11930585683297179,-0.03773312963016343,0.22115549459969142
frozenset({'Gender_Female'}),"frozenset({'Location_Suburban', 'Income_Level_High'})",0.474,0.172,0.068,0.14345991561181437,0.8340692768128743,1.0,-0.013527999999999984,0.9666798029556651,-0.27442388834793874,0.11764705882352945,-0.03446870095191499,0.26940437641055837
"frozenset({'Location_Suburban', 'Income_Level_High'})",frozenset({'Gender_Female'}),0.172,0.474,0.068,0.39534883720930236,0.8340692768128742,1.0,-0.013527999999999984,0.869923076923077,-0.19372207583915663,0.11764705882352945,-0.14952692545760002,0.26940437641055837
frozenset({'Interest_Sports'}),frozenset({'Location_Suburban'}),0.213,0.349,0.061,0.2863849765258216,0.8205873252888872,1.0,-0.013336999999999988,0.9122565789473684,-0.21741327595200816,0.12175648702594813,-0.09618283175757043,0.23058503840617728
frozenset({'Location_Suburban'}),frozenset({'Interest_Sports'}),0.349,0.213,0.061,0.17478510028653296,0.8205873252888871,1.0,-0.013336999999999988,0.9536909722222222,-0.2514138139043883,0.12175648702594813,-0.048557687056501944,0.23058503840617728
